Timing Analyzer report for sequence_detector
Wed Sep 10 16:48:03 2025
Quartus Prime Version 20.1.1 Build 720 11/11/2020 SJ Lite Edition


---------------------
; Table of Contents ;
---------------------
  1. Legal Notice
  2. Timing Analyzer Summary
  3. Parallel Compilation
  4. Clocks
  5. Slow 1200mV 85C Model Fmax Summary
  6. Timing Closure Recommendations
  7. Slow 1200mV 85C Model Setup Summary
  8. Slow 1200mV 85C Model Hold Summary
  9. Slow 1200mV 85C Model Recovery Summary
 10. Slow 1200mV 85C Model Removal Summary
 11. Slow 1200mV 85C Model Minimum Pulse Width Summary
 12. Slow 1200mV 85C Model Setup: 'clk'
 13. Slow 1200mV 85C Model Hold: 'clk'
 14. Slow 1200mV 85C Model Metastability Summary
 15. Slow 1200mV 0C Model Fmax Summary
 16. Slow 1200mV 0C Model Setup Summary
 17. Slow 1200mV 0C Model Hold Summary
 18. Slow 1200mV 0C Model Recovery Summary
 19. Slow 1200mV 0C Model Removal Summary
 20. Slow 1200mV 0C Model Minimum Pulse Width Summary
 21. Slow 1200mV 0C Model Setup: 'clk'
 22. Slow 1200mV 0C Model Hold: 'clk'
 23. Slow 1200mV 0C Model Metastability Summary
 24. Fast 1200mV 0C Model Setup Summary
 25. Fast 1200mV 0C Model Hold Summary
 26. Fast 1200mV 0C Model Recovery Summary
 27. Fast 1200mV 0C Model Removal Summary
 28. Fast 1200mV 0C Model Minimum Pulse Width Summary
 29. Fast 1200mV 0C Model Setup: 'clk'
 30. Fast 1200mV 0C Model Hold: 'clk'
 31. Fast 1200mV 0C Model Metastability Summary
 32. Multicorner Timing Analysis Summary
 33. Board Trace Model Assignments
 34. Input Transition Times
 35. Signal Integrity Metrics (Slow 1200mv 0c Model)
 36. Signal Integrity Metrics (Slow 1200mv 85c Model)
 37. Signal Integrity Metrics (Fast 1200mv 0c Model)
 38. Setup Transfers
 39. Hold Transfers
 40. Report TCCS
 41. Report RSKM
 42. Unconstrained Paths Summary
 43. Clock Status Summary
 44. Unconstrained Input Ports
 45. Unconstrained Output Ports
 46. Unconstrained Input Ports
 47. Unconstrained Output Ports
 48. Timing Analyzer Messages



----------------
; Legal Notice ;
----------------
Copyright (C) 2020  Intel Corporation. All rights reserved.
Your use of Intel Corporation's design tools, logic functions 
and other software and tools, and any partner logic 
functions, and any output files from any of the foregoing 
(including device programming or simulation files), and any 
associated documentation or information are expressly subject 
to the terms and conditions of the Intel Program License 
Subscription Agreement, the Intel Quartus Prime License Agreement,
the Intel FPGA IP License Agreement, or other applicable license
agreement, including, without limitation, that your use is for
the sole purpose of programming logic devices manufactured by
Intel and sold by Intel or its authorized distributors.  Please
refer to the applicable agreement for further details, at
https://fpgasoftware.intel.com/eula.



+-----------------------------------------------------------------------------+
; Timing Analyzer Summary                                                     ;
+-----------------------+-----------------------------------------------------+
; Quartus Prime Version ; Version 20.1.1 Build 720 11/11/2020 SJ Lite Edition ;
; Timing Analyzer       ; Legacy Timing Analyzer                              ;
; Revision Name         ; sequence_detector                                   ;
; Device Family         ; Cyclone IV E                                        ;
; Device Name           ; EP4CE22F17C6                                        ;
; Timing Models         ; Final                                               ;
; Delay Model           ; Combined                                            ;
; Rise/Fall Delays      ; Enabled                                             ;
+-----------------------+-----------------------------------------------------+


+------------------------------------------+
; Parallel Compilation                     ;
+----------------------------+-------------+
; Processors                 ; Number      ;
+----------------------------+-------------+
; Number detected on machine ; 12          ;
; Maximum allowed            ; 6           ;
;                            ;             ;
; Average used               ; 1.02        ;
; Maximum used               ; 6           ;
;                            ;             ;
; Usage by Processor         ; % Time Used ;
;     Processor 1            ; 100.0%      ;
;     Processor 2            ;   0.5%      ;
;     Processors 3-6         ;   0.4%      ;
+----------------------------+-------------+


+---------------------------------------------------------------------------------------------------------------------------------------------------------------------------------+
; Clocks                                                                                                                                                                          ;
+------------+------+--------+------------+-------+-------+------------+-----------+-------------+-------+--------+-----------+------------+----------+--------+--------+---------+
; Clock Name ; Type ; Period ; Frequency  ; Rise  ; Fall  ; Duty Cycle ; Divide by ; Multiply by ; Phase ; Offset ; Edge List ; Edge Shift ; Inverted ; Master ; Source ; Targets ;
+------------+------+--------+------------+-------+-------+------------+-----------+-------------+-------+--------+-----------+------------+----------+--------+--------+---------+
; clk        ; Base ; 1.000  ; 1000.0 MHz ; 0.000 ; 0.500 ;            ;           ;             ;       ;        ;           ;            ;          ;        ;        ; { clk } ;
+------------+------+--------+------------+-------+-------+------------+-----------+-------------+-------+--------+-----------+------------+----------+--------+--------+---------+


+-----------------------------------------------------------------------------------------------------------+
; Slow 1200mV 85C Model Fmax Summary                                                                        ;
+------------+-----------------+------------+---------------------------------------------------------------+
; Fmax       ; Restricted Fmax ; Clock Name ; Note                                                          ;
+------------+-----------------+------------+---------------------------------------------------------------+
; 348.55 MHz ; 250.0 MHz       ; clk        ; limit due to minimum period restriction (max I/O toggle rate) ;
+------------+-----------------+------------+---------------------------------------------------------------+
This panel reports FMAX for every clock in the design, regardless of the user-specified clock periods.  FMAX is only computed for paths where the source and destination registers or ports are driven by the same clock.  Paths of different clocks, including generated clocks, are ignored.  For paths between a clock and its inversion, FMAX is computed as if the rising and falling edges are scaled along with FMAX, such that the duty cycle (in terms of a percentage) is maintained. Altera recommends that you always use clock constraints and other slack reports for sign-off analysis.


----------------------------------
; Timing Closure Recommendations ;
----------------------------------
HTML report is unavailable in plain text report export.


+-------------------------------------+
; Slow 1200mV 85C Model Setup Summary ;
+-------+--------+--------------------+
; Clock ; Slack  ; End Point TNS      ;
+-------+--------+--------------------+
; clk   ; -1.869 ; -71.999            ;
+-------+--------+--------------------+


+------------------------------------+
; Slow 1200mV 85C Model Hold Summary ;
+-------+-------+--------------------+
; Clock ; Slack ; End Point TNS      ;
+-------+-------+--------------------+
; clk   ; 0.357 ; 0.000              ;
+-------+-------+--------------------+


------------------------------------------
; Slow 1200mV 85C Model Recovery Summary ;
------------------------------------------
No paths to report.


-----------------------------------------
; Slow 1200mV 85C Model Removal Summary ;
-----------------------------------------
No paths to report.


+---------------------------------------------------+
; Slow 1200mV 85C Model Minimum Pulse Width Summary ;
+-------+--------+----------------------------------+
; Clock ; Slack  ; End Point TNS                    ;
+-------+--------+----------------------------------+
; clk   ; -3.000 ; -64.000                          ;
+-------+--------+----------------------------------+


+-----------------------------------------------------------------------------------------------------------------------------------------------------------------------------+
; Slow 1200mV 85C Model Setup: 'clk'                                                                                                                                          ;
+--------+--------------------------------------------+-------------------------------------------------+--------------+-------------+--------------+------------+------------+
; Slack  ; From Node                                  ; To Node                                         ; Launch Clock ; Latch Clock ; Relationship ; Clock Skew ; Data Delay ;
+--------+--------------------------------------------+-------------------------------------------------+--------------+-------------+--------------+------------+------------+
; -1.869 ; uart:uart_inst|uart_rx:rx_inst|c_bits[1]   ; uart:uart_inst|uart_rx:rx_inst|state.START      ; clk          ; clk         ; 1.000        ; -0.061     ; 2.803      ;
; -1.844 ; uart:uart_inst|uart_rx:rx_inst|c_clocks[3] ; uart:uart_inst|uart_rx:rx_inst|state.START      ; clk          ; clk         ; 1.000        ; -0.061     ; 2.778      ;
; -1.778 ; uart:uart_inst|uart_rx:rx_inst|c_clocks[5] ; uart:uart_inst|uart_rx:rx_inst|state.START      ; clk          ; clk         ; 1.000        ; -0.061     ; 2.712      ;
; -1.774 ; uart:uart_inst|uart_rx:rx_inst|c_clocks[1] ; uart:uart_inst|uart_rx:rx_inst|state.START      ; clk          ; clk         ; 1.000        ; -0.061     ; 2.708      ;
; -1.774 ; uart:uart_inst|uart_rx:rx_inst|c_bits[2]   ; uart:uart_inst|uart_rx:rx_inst|state.START      ; clk          ; clk         ; 1.000        ; -0.061     ; 2.708      ;
; -1.757 ; uart:uart_inst|uart_rx:rx_inst|c_clocks[2] ; uart:uart_inst|uart_rx:rx_inst|state.START      ; clk          ; clk         ; 1.000        ; -0.061     ; 2.691      ;
; -1.746 ; uart:uart_inst|uart_rx:rx_inst|c_clocks[0] ; uart:uart_inst|uart_rx:rx_inst|state.START      ; clk          ; clk         ; 1.000        ; -0.061     ; 2.680      ;
; -1.651 ; uart:uart_inst|uart_tx:tx_inst|c_clocks[2] ; uart:uart_inst|uart_tx:tx_inst|s_packet_reg[10] ; clk          ; clk         ; 1.000        ; -0.062     ; 2.584      ;
; -1.651 ; uart:uart_inst|uart_tx:tx_inst|c_clocks[2] ; uart:uart_inst|uart_tx:tx_inst|s_packet_reg[11] ; clk          ; clk         ; 1.000        ; -0.062     ; 2.584      ;
; -1.651 ; uart:uart_inst|uart_tx:tx_inst|c_clocks[2] ; uart:uart_inst|uart_tx:tx_inst|s_packet_reg[12] ; clk          ; clk         ; 1.000        ; -0.062     ; 2.584      ;
; -1.646 ; uart:uart_inst|uart_rx:rx_inst|c_bits[0]   ; uart:uart_inst|uart_rx:rx_inst|state.START      ; clk          ; clk         ; 1.000        ; -0.061     ; 2.580      ;
; -1.604 ; uart:uart_inst|uart_tx:tx_inst|c_clocks[2] ; uart:uart_inst|uart_tx:tx_inst|s_packet_reg[0]  ; clk          ; clk         ; 1.000        ; -0.062     ; 2.537      ;
; -1.604 ; uart:uart_inst|uart_tx:tx_inst|c_clocks[2] ; uart:uart_inst|uart_tx:tx_inst|s_packet_reg[1]  ; clk          ; clk         ; 1.000        ; -0.062     ; 2.537      ;
; -1.604 ; uart:uart_inst|uart_tx:tx_inst|c_clocks[2] ; uart:uart_inst|uart_tx:tx_inst|s_packet_reg[2]  ; clk          ; clk         ; 1.000        ; -0.062     ; 2.537      ;
; -1.604 ; uart:uart_inst|uart_tx:tx_inst|c_clocks[2] ; uart:uart_inst|uart_tx:tx_inst|s_packet_reg[3]  ; clk          ; clk         ; 1.000        ; -0.062     ; 2.537      ;
; -1.604 ; uart:uart_inst|uart_tx:tx_inst|c_clocks[2] ; uart:uart_inst|uart_tx:tx_inst|s_packet_reg[4]  ; clk          ; clk         ; 1.000        ; -0.062     ; 2.537      ;
; -1.604 ; uart:uart_inst|uart_tx:tx_inst|c_clocks[2] ; uart:uart_inst|uart_tx:tx_inst|s_packet_reg[5]  ; clk          ; clk         ; 1.000        ; -0.062     ; 2.537      ;
; -1.604 ; uart:uart_inst|uart_tx:tx_inst|c_clocks[2] ; uart:uart_inst|uart_tx:tx_inst|s_packet_reg[6]  ; clk          ; clk         ; 1.000        ; -0.062     ; 2.537      ;
; -1.604 ; uart:uart_inst|uart_tx:tx_inst|c_clocks[2] ; uart:uart_inst|uart_tx:tx_inst|s_packet_reg[7]  ; clk          ; clk         ; 1.000        ; -0.062     ; 2.537      ;
; -1.604 ; uart:uart_inst|uart_tx:tx_inst|c_clocks[2] ; uart:uart_inst|uart_tx:tx_inst|s_packet_reg[8]  ; clk          ; clk         ; 1.000        ; -0.062     ; 2.537      ;
; -1.604 ; uart:uart_inst|uart_tx:tx_inst|c_clocks[2] ; uart:uart_inst|uart_tx:tx_inst|s_packet_reg[9]  ; clk          ; clk         ; 1.000        ; -0.062     ; 2.537      ;
; -1.591 ; uart:uart_inst|uart_rx:rx_inst|state.DATA  ; uart:uart_inst|uart_rx:rx_inst|state.START      ; clk          ; clk         ; 1.000        ; -0.061     ; 2.525      ;
; -1.586 ; uart:uart_inst|uart_rx:rx_inst|c_bits[1]   ; uart:uart_inst|uart_rx:rx_inst|state.IDLE       ; clk          ; clk         ; 1.000        ; -0.061     ; 2.520      ;
; -1.577 ; uart:uart_inst|uart_rx:rx_inst|c_bits[1]   ; uart:uart_inst|uart_rx:rx_inst|state.DATA       ; clk          ; clk         ; 1.000        ; -0.062     ; 2.510      ;
; -1.561 ; uart:uart_inst|uart_rx:rx_inst|c_clocks[3] ; uart:uart_inst|uart_rx:rx_inst|state.IDLE       ; clk          ; clk         ; 1.000        ; -0.061     ; 2.495      ;
; -1.552 ; uart:uart_inst|uart_rx:rx_inst|c_clocks[3] ; uart:uart_inst|uart_rx:rx_inst|state.DATA       ; clk          ; clk         ; 1.000        ; -0.062     ; 2.485      ;
; -1.532 ; uart:uart_inst|uart_rx:rx_inst|c_clocks[4] ; uart:uart_inst|uart_rx:rx_inst|state.START      ; clk          ; clk         ; 1.000        ; -0.061     ; 2.466      ;
; -1.529 ; uart:uart_inst|uart_rx:rx_inst|c_clocks[3] ; uart:uart_inst|uart_rx:rx_inst|c_clocks[5]      ; clk          ; clk         ; 1.000        ; -0.062     ; 2.462      ;
; -1.529 ; uart:uart_inst|uart_rx:rx_inst|c_clocks[3] ; uart:uart_inst|uart_rx:rx_inst|c_clocks[4]      ; clk          ; clk         ; 1.000        ; -0.062     ; 2.462      ;
; -1.529 ; uart:uart_inst|uart_rx:rx_inst|c_clocks[3] ; uart:uart_inst|uart_rx:rx_inst|c_clocks[3]      ; clk          ; clk         ; 1.000        ; -0.062     ; 2.462      ;
; -1.529 ; uart:uart_inst|uart_rx:rx_inst|c_clocks[3] ; uart:uart_inst|uart_rx:rx_inst|c_clocks[0]      ; clk          ; clk         ; 1.000        ; -0.062     ; 2.462      ;
; -1.529 ; uart:uart_inst|uart_rx:rx_inst|c_clocks[3] ; uart:uart_inst|uart_rx:rx_inst|c_clocks[1]      ; clk          ; clk         ; 1.000        ; -0.062     ; 2.462      ;
; -1.529 ; uart:uart_inst|uart_rx:rx_inst|c_clocks[3] ; uart:uart_inst|uart_rx:rx_inst|c_clocks[2]      ; clk          ; clk         ; 1.000        ; -0.062     ; 2.462      ;
; -1.529 ; uart:uart_inst|uart_rx:rx_inst|state.START ; uart:uart_inst|uart_rx:rx_inst|state.START      ; clk          ; clk         ; 1.000        ; -0.062     ; 2.462      ;
; -1.495 ; uart:uart_inst|uart_rx:rx_inst|c_clocks[5] ; uart:uart_inst|uart_rx:rx_inst|state.IDLE       ; clk          ; clk         ; 1.000        ; -0.061     ; 2.429      ;
; -1.491 ; uart:uart_inst|uart_rx:rx_inst|c_clocks[1] ; uart:uart_inst|uart_rx:rx_inst|state.IDLE       ; clk          ; clk         ; 1.000        ; -0.061     ; 2.425      ;
; -1.491 ; uart:uart_inst|uart_rx:rx_inst|c_bits[2]   ; uart:uart_inst|uart_rx:rx_inst|state.IDLE       ; clk          ; clk         ; 1.000        ; -0.061     ; 2.425      ;
; -1.489 ; uart:uart_inst|uart_rx:rx_inst|c_clocks[0] ; uart:uart_inst|uart_rx:rx_inst|state.IDLE       ; clk          ; clk         ; 1.000        ; -0.061     ; 2.423      ;
; -1.486 ; uart:uart_inst|uart_rx:rx_inst|c_clocks[5] ; uart:uart_inst|uart_rx:rx_inst|state.DATA       ; clk          ; clk         ; 1.000        ; -0.062     ; 2.419      ;
; -1.485 ; uart:uart_inst|uart_tx:tx_inst|c_clocks[3] ; uart:uart_inst|uart_tx:tx_inst|s_packet_reg[10] ; clk          ; clk         ; 1.000        ; -0.062     ; 2.418      ;
; -1.485 ; uart:uart_inst|uart_tx:tx_inst|c_clocks[3] ; uart:uart_inst|uart_tx:tx_inst|s_packet_reg[11] ; clk          ; clk         ; 1.000        ; -0.062     ; 2.418      ;
; -1.485 ; uart:uart_inst|uart_tx:tx_inst|c_clocks[3] ; uart:uart_inst|uart_tx:tx_inst|s_packet_reg[12] ; clk          ; clk         ; 1.000        ; -0.062     ; 2.418      ;
; -1.482 ; uart:uart_inst|uart_rx:rx_inst|c_clocks[1] ; uart:uart_inst|uart_rx:rx_inst|state.DATA       ; clk          ; clk         ; 1.000        ; -0.062     ; 2.415      ;
; -1.482 ; uart:uart_inst|uart_rx:rx_inst|c_bits[2]   ; uart:uart_inst|uart_rx:rx_inst|state.DATA       ; clk          ; clk         ; 1.000        ; -0.062     ; 2.415      ;
; -1.474 ; uart:uart_inst|uart_rx:rx_inst|c_clocks[0] ; uart:uart_inst|uart_rx:rx_inst|state.DATA       ; clk          ; clk         ; 1.000        ; -0.062     ; 2.407      ;
; -1.474 ; uart:uart_inst|uart_rx:rx_inst|c_clocks[2] ; uart:uart_inst|uart_rx:rx_inst|state.IDLE       ; clk          ; clk         ; 1.000        ; -0.061     ; 2.408      ;
; -1.465 ; uart:uart_inst|uart_rx:rx_inst|c_clocks[2] ; uart:uart_inst|uart_rx:rx_inst|state.DATA       ; clk          ; clk         ; 1.000        ; -0.062     ; 2.398      ;
; -1.446 ; uart:uart_inst|uart_rx:rx_inst|c_clocks[5] ; uart:uart_inst|uart_rx:rx_inst|c_clocks[5]      ; clk          ; clk         ; 1.000        ; -0.062     ; 2.379      ;
; -1.446 ; uart:uart_inst|uart_rx:rx_inst|c_clocks[5] ; uart:uart_inst|uart_rx:rx_inst|c_clocks[4]      ; clk          ; clk         ; 1.000        ; -0.062     ; 2.379      ;
; -1.446 ; uart:uart_inst|uart_rx:rx_inst|c_clocks[5] ; uart:uart_inst|uart_rx:rx_inst|c_clocks[3]      ; clk          ; clk         ; 1.000        ; -0.062     ; 2.379      ;
; -1.446 ; uart:uart_inst|uart_rx:rx_inst|c_clocks[5] ; uart:uart_inst|uart_rx:rx_inst|c_clocks[0]      ; clk          ; clk         ; 1.000        ; -0.062     ; 2.379      ;
; -1.446 ; uart:uart_inst|uart_rx:rx_inst|c_clocks[5] ; uart:uart_inst|uart_rx:rx_inst|c_clocks[1]      ; clk          ; clk         ; 1.000        ; -0.062     ; 2.379      ;
; -1.446 ; uart:uart_inst|uart_rx:rx_inst|c_clocks[5] ; uart:uart_inst|uart_rx:rx_inst|c_clocks[2]      ; clk          ; clk         ; 1.000        ; -0.062     ; 2.379      ;
; -1.442 ; uart:uart_inst|uart_tx:tx_inst|c_clocks[5] ; uart:uart_inst|uart_tx:tx_inst|s_packet_reg[10] ; clk          ; clk         ; 1.000        ; -0.062     ; 2.375      ;
; -1.442 ; uart:uart_inst|uart_tx:tx_inst|c_clocks[5] ; uart:uart_inst|uart_tx:tx_inst|s_packet_reg[11] ; clk          ; clk         ; 1.000        ; -0.062     ; 2.375      ;
; -1.442 ; uart:uart_inst|uart_tx:tx_inst|c_clocks[5] ; uart:uart_inst|uart_tx:tx_inst|s_packet_reg[12] ; clk          ; clk         ; 1.000        ; -0.062     ; 2.375      ;
; -1.439 ; uart:uart_inst|uart_rx:rx_inst|c_bits[1]   ; uart:uart_inst|uart_rx:rx_inst|state.STOP       ; clk          ; clk         ; 1.000        ; -0.062     ; 2.372      ;
; -1.438 ; uart:uart_inst|uart_tx:tx_inst|c_clocks[3] ; uart:uart_inst|uart_tx:tx_inst|s_packet_reg[0]  ; clk          ; clk         ; 1.000        ; -0.062     ; 2.371      ;
; -1.438 ; uart:uart_inst|uart_tx:tx_inst|c_clocks[3] ; uart:uart_inst|uart_tx:tx_inst|s_packet_reg[1]  ; clk          ; clk         ; 1.000        ; -0.062     ; 2.371      ;
; -1.438 ; uart:uart_inst|uart_tx:tx_inst|c_clocks[3] ; uart:uart_inst|uart_tx:tx_inst|s_packet_reg[2]  ; clk          ; clk         ; 1.000        ; -0.062     ; 2.371      ;
; -1.438 ; uart:uart_inst|uart_tx:tx_inst|c_clocks[3] ; uart:uart_inst|uart_tx:tx_inst|s_packet_reg[3]  ; clk          ; clk         ; 1.000        ; -0.062     ; 2.371      ;
; -1.438 ; uart:uart_inst|uart_tx:tx_inst|c_clocks[3] ; uart:uart_inst|uart_tx:tx_inst|s_packet_reg[4]  ; clk          ; clk         ; 1.000        ; -0.062     ; 2.371      ;
; -1.438 ; uart:uart_inst|uart_tx:tx_inst|c_clocks[3] ; uart:uart_inst|uart_tx:tx_inst|s_packet_reg[5]  ; clk          ; clk         ; 1.000        ; -0.062     ; 2.371      ;
; -1.438 ; uart:uart_inst|uart_tx:tx_inst|c_clocks[3] ; uart:uart_inst|uart_tx:tx_inst|s_packet_reg[6]  ; clk          ; clk         ; 1.000        ; -0.062     ; 2.371      ;
; -1.438 ; uart:uart_inst|uart_tx:tx_inst|c_clocks[3] ; uart:uart_inst|uart_tx:tx_inst|s_packet_reg[7]  ; clk          ; clk         ; 1.000        ; -0.062     ; 2.371      ;
; -1.438 ; uart:uart_inst|uart_tx:tx_inst|c_clocks[3] ; uart:uart_inst|uart_tx:tx_inst|s_packet_reg[8]  ; clk          ; clk         ; 1.000        ; -0.062     ; 2.371      ;
; -1.438 ; uart:uart_inst|uart_tx:tx_inst|c_clocks[3] ; uart:uart_inst|uart_tx:tx_inst|s_packet_reg[9]  ; clk          ; clk         ; 1.000        ; -0.062     ; 2.371      ;
; -1.414 ; uart:uart_inst|uart_rx:rx_inst|c_clocks[3] ; uart:uart_inst|uart_rx:rx_inst|state.STOP       ; clk          ; clk         ; 1.000        ; -0.062     ; 2.347      ;
; -1.409 ; uart:uart_inst|uart_rx:rx_inst|c_clocks[1] ; uart:uart_inst|uart_rx:rx_inst|c_bits[1]        ; clk          ; clk         ; 1.000        ; -0.062     ; 2.342      ;
; -1.406 ; uart:uart_inst|uart_rx:rx_inst|c_clocks[1] ; uart:uart_inst|uart_rx:rx_inst|c_bits[2]        ; clk          ; clk         ; 1.000        ; -0.062     ; 2.339      ;
; -1.404 ; uart:uart_inst|uart_rx:rx_inst|c_clocks[1] ; uart:uart_inst|uart_rx:rx_inst|c_bits[0]        ; clk          ; clk         ; 1.000        ; -0.062     ; 2.337      ;
; -1.399 ; uart:uart_inst|uart_rx:rx_inst|state.STOP  ; uart:uart_inst|uart_rx:rx_inst|state.START      ; clk          ; clk         ; 1.000        ; -0.061     ; 2.333      ;
; -1.392 ; uart:uart_inst|uart_rx:rx_inst|c_clocks[2] ; uart:uart_inst|uart_rx:rx_inst|c_bits[1]        ; clk          ; clk         ; 1.000        ; -0.062     ; 2.325      ;
; -1.389 ; uart:uart_inst|uart_rx:rx_inst|c_clocks[2] ; uart:uart_inst|uart_rx:rx_inst|c_bits[2]        ; clk          ; clk         ; 1.000        ; -0.062     ; 2.322      ;
; -1.388 ; uart:uart_inst|uart_rx:rx_inst|c_clocks[1] ; uart:uart_inst|uart_rx:rx_inst|c_clocks[5]      ; clk          ; clk         ; 1.000        ; -0.062     ; 2.321      ;
; -1.388 ; uart:uart_inst|uart_rx:rx_inst|c_clocks[1] ; uart:uart_inst|uart_rx:rx_inst|c_clocks[4]      ; clk          ; clk         ; 1.000        ; -0.062     ; 2.321      ;
; -1.388 ; uart:uart_inst|uart_rx:rx_inst|c_clocks[1] ; uart:uart_inst|uart_rx:rx_inst|c_clocks[3]      ; clk          ; clk         ; 1.000        ; -0.062     ; 2.321      ;
; -1.388 ; uart:uart_inst|uart_rx:rx_inst|c_clocks[1] ; uart:uart_inst|uart_rx:rx_inst|c_clocks[0]      ; clk          ; clk         ; 1.000        ; -0.062     ; 2.321      ;
; -1.388 ; uart:uart_inst|uart_rx:rx_inst|c_clocks[1] ; uart:uart_inst|uart_rx:rx_inst|c_clocks[1]      ; clk          ; clk         ; 1.000        ; -0.062     ; 2.321      ;
; -1.388 ; uart:uart_inst|uart_rx:rx_inst|c_clocks[1] ; uart:uart_inst|uart_rx:rx_inst|c_clocks[2]      ; clk          ; clk         ; 1.000        ; -0.062     ; 2.321      ;
; -1.387 ; uart:uart_inst|uart_rx:rx_inst|c_clocks[0] ; uart:uart_inst|uart_rx:rx_inst|c_bits[1]        ; clk          ; clk         ; 1.000        ; -0.062     ; 2.320      ;
; -1.387 ; uart:uart_inst|uart_rx:rx_inst|c_clocks[2] ; uart:uart_inst|uart_rx:rx_inst|c_bits[0]        ; clk          ; clk         ; 1.000        ; -0.062     ; 2.320      ;
; -1.386 ; uart:uart_inst|uart_rx:rx_inst|c_clocks[0] ; uart:uart_inst|uart_rx:rx_inst|c_bits[2]        ; clk          ; clk         ; 1.000        ; -0.062     ; 2.319      ;
; -1.383 ; uart:uart_inst|uart_rx:rx_inst|c_clocks[0] ; uart:uart_inst|uart_rx:rx_inst|c_bits[0]        ; clk          ; clk         ; 1.000        ; -0.062     ; 2.316      ;
; -1.382 ; uart:uart_inst|uart_tx:tx_inst|c_clocks[5] ; uart:uart_inst|uart_tx:tx_inst|s_packet_reg[0]  ; clk          ; clk         ; 1.000        ; -0.062     ; 2.315      ;
; -1.382 ; uart:uart_inst|uart_tx:tx_inst|c_clocks[5] ; uart:uart_inst|uart_tx:tx_inst|s_packet_reg[1]  ; clk          ; clk         ; 1.000        ; -0.062     ; 2.315      ;
; -1.382 ; uart:uart_inst|uart_tx:tx_inst|c_clocks[5] ; uart:uart_inst|uart_tx:tx_inst|s_packet_reg[2]  ; clk          ; clk         ; 1.000        ; -0.062     ; 2.315      ;
; -1.382 ; uart:uart_inst|uart_tx:tx_inst|c_clocks[5] ; uart:uart_inst|uart_tx:tx_inst|s_packet_reg[3]  ; clk          ; clk         ; 1.000        ; -0.062     ; 2.315      ;
; -1.382 ; uart:uart_inst|uart_tx:tx_inst|c_clocks[5] ; uart:uart_inst|uart_tx:tx_inst|s_packet_reg[4]  ; clk          ; clk         ; 1.000        ; -0.062     ; 2.315      ;
; -1.382 ; uart:uart_inst|uart_tx:tx_inst|c_clocks[5] ; uart:uart_inst|uart_tx:tx_inst|s_packet_reg[5]  ; clk          ; clk         ; 1.000        ; -0.062     ; 2.315      ;
; -1.382 ; uart:uart_inst|uart_tx:tx_inst|c_clocks[5] ; uart:uart_inst|uart_tx:tx_inst|s_packet_reg[6]  ; clk          ; clk         ; 1.000        ; -0.062     ; 2.315      ;
; -1.382 ; uart:uart_inst|uart_tx:tx_inst|c_clocks[5] ; uart:uart_inst|uart_tx:tx_inst|s_packet_reg[7]  ; clk          ; clk         ; 1.000        ; -0.062     ; 2.315      ;
; -1.382 ; uart:uart_inst|uart_tx:tx_inst|c_clocks[5] ; uart:uart_inst|uart_tx:tx_inst|s_packet_reg[8]  ; clk          ; clk         ; 1.000        ; -0.062     ; 2.315      ;
; -1.382 ; uart:uart_inst|uart_tx:tx_inst|c_clocks[5] ; uart:uart_inst|uart_tx:tx_inst|s_packet_reg[9]  ; clk          ; clk         ; 1.000        ; -0.062     ; 2.315      ;
; -1.381 ; uart:uart_inst|uart_rx:rx_inst|c_clocks[0] ; uart:uart_inst|uart_rx:rx_inst|c_clocks[5]      ; clk          ; clk         ; 1.000        ; -0.062     ; 2.314      ;
; -1.381 ; uart:uart_inst|uart_rx:rx_inst|c_clocks[0] ; uart:uart_inst|uart_rx:rx_inst|c_clocks[4]      ; clk          ; clk         ; 1.000        ; -0.062     ; 2.314      ;
; -1.381 ; uart:uart_inst|uart_rx:rx_inst|c_clocks[0] ; uart:uart_inst|uart_rx:rx_inst|c_clocks[3]      ; clk          ; clk         ; 1.000        ; -0.062     ; 2.314      ;
; -1.381 ; uart:uart_inst|uart_rx:rx_inst|c_clocks[0] ; uart:uart_inst|uart_rx:rx_inst|c_clocks[0]      ; clk          ; clk         ; 1.000        ; -0.062     ; 2.314      ;
; -1.381 ; uart:uart_inst|uart_rx:rx_inst|c_clocks[0] ; uart:uart_inst|uart_rx:rx_inst|c_clocks[1]      ; clk          ; clk         ; 1.000        ; -0.062     ; 2.314      ;
; -1.381 ; uart:uart_inst|uart_rx:rx_inst|c_clocks[0] ; uart:uart_inst|uart_rx:rx_inst|c_clocks[2]      ; clk          ; clk         ; 1.000        ; -0.062     ; 2.314      ;
+--------+--------------------------------------------+-------------------------------------------------+--------------+-------------+--------------+------------+------------+


+-------------------------------------------------------------------------------------------------------------------------------------------------------------------------------------------------------------------+
; Slow 1200mV 85C Model Hold: 'clk'                                                                                                                                                                                 ;
+-------+------------------------------------------------------------------+------------------------------------------------------------------+--------------+-------------+--------------+------------+------------+
; Slack ; From Node                                                        ; To Node                                                          ; Launch Clock ; Latch Clock ; Relationship ; Clock Skew ; Data Delay ;
+-------+------------------------------------------------------------------+------------------------------------------------------------------+--------------+-------------+--------------+------------+------------+
; 0.357 ; sym_bit                                                          ; sym_bit                                                          ; clk          ; clk         ; 0.000        ; 0.063      ; 0.577      ;
; 0.357 ; uart:uart_inst|uart_rx:rx_inst|shift_reg[7]                      ; uart:uart_inst|uart_rx:rx_inst|shift_reg[6]                      ; clk          ; clk         ; 0.000        ; 0.077      ; 0.591      ;
; 0.358 ; s_data[6]                                                        ; s_data[6]                                                        ; clk          ; clk         ; 0.000        ; 0.062      ; 0.577      ;
; 0.358 ; uart:uart_inst|uart_tx:tx_inst|c_bits[2]                         ; uart:uart_inst|uart_tx:tx_inst|c_bits[2]                         ; clk          ; clk         ; 0.000        ; 0.062      ; 0.577      ;
; 0.358 ; uart:uart_inst|uart_tx:tx_inst|c_bits[1]                         ; uart:uart_inst|uart_tx:tx_inst|c_bits[1]                         ; clk          ; clk         ; 0.000        ; 0.062      ; 0.577      ;
; 0.358 ; uart:uart_inst|uart_tx:tx_inst|c_bits[0]                         ; uart:uart_inst|uart_tx:tx_inst|c_bits[0]                         ; clk          ; clk         ; 0.000        ; 0.062      ; 0.577      ;
; 0.358 ; uart:uart_inst|uart_tx:tx_inst|c_bits[3]                         ; uart:uart_inst|uart_tx:tx_inst|c_bits[3]                         ; clk          ; clk         ; 0.000        ; 0.062      ; 0.577      ;
; 0.358 ; mode                                                             ; mode                                                             ; clk          ; clk         ; 0.000        ; 0.062      ; 0.577      ;
; 0.358 ; uart:uart_inst|uart_rx:rx_inst|m_data[0]                         ; uart:uart_inst|uart_rx:rx_inst|m_data[0]                         ; clk          ; clk         ; 0.000        ; 0.062      ; 0.577      ;
; 0.358 ; uart:uart_inst|uart_rx:rx_inst|state.STOP                        ; uart:uart_inst|uart_rx:rx_inst|state.STOP                        ; clk          ; clk         ; 0.000        ; 0.062      ; 0.577      ;
; 0.358 ; uart:uart_inst|uart_rx:rx_inst|state.DATA                        ; uart:uart_inst|uart_rx:rx_inst|state.DATA                        ; clk          ; clk         ; 0.000        ; 0.062      ; 0.577      ;
; 0.358 ; uart:uart_inst|uart_rx:rx_inst|state.START                       ; uart:uart_inst|uart_rx:rx_inst|state.START                       ; clk          ; clk         ; 0.000        ; 0.062      ; 0.577      ;
; 0.358 ; uart:uart_inst|uart_rx:rx_inst|state.IDLE                        ; uart:uart_inst|uart_rx:rx_inst|state.IDLE                        ; clk          ; clk         ; 0.000        ; 0.062      ; 0.577      ;
; 0.358 ; uart:uart_inst|uart_rx:rx_inst|c_bits[0]                         ; uart:uart_inst|uart_rx:rx_inst|c_bits[0]                         ; clk          ; clk         ; 0.000        ; 0.062      ; 0.577      ;
; 0.358 ; uart:uart_inst|uart_rx:rx_inst|c_bits[2]                         ; uart:uart_inst|uart_rx:rx_inst|c_bits[2]                         ; clk          ; clk         ; 0.000        ; 0.062      ; 0.577      ;
; 0.358 ; uart:uart_inst|uart_rx:rx_inst|c_bits[1]                         ; uart:uart_inst|uart_rx:rx_inst|c_bits[1]                         ; clk          ; clk         ; 0.000        ; 0.062      ; 0.577      ;
; 0.359 ; uart:uart_inst|uart_rx:rx_inst|shift_reg[1]                      ; uart:uart_inst|uart_rx:rx_inst|shift_reg[0]                      ; clk          ; clk         ; 0.000        ; 0.077      ; 0.593      ;
; 0.359 ; uart:uart_inst|uart_rx:rx_inst|shift_reg[5]                      ; uart:uart_inst|uart_rx:rx_inst|shift_reg[4]                      ; clk          ; clk         ; 0.000        ; 0.077      ; 0.593      ;
; 0.360 ; uart:uart_inst|uart_rx:rx_inst|shift_reg[2]                      ; uart:uart_inst|uart_rx:rx_inst|shift_reg[1]                      ; clk          ; clk         ; 0.000        ; 0.077      ; 0.594      ;
; 0.372 ; mode_in_q                                                        ; mode                                                             ; clk          ; clk         ; 0.000        ; 0.062      ; 0.591      ;
; 0.373 ; sequence_detector_0110:u_no_overlap|current_state.S01            ; sequence_detector_0110:u_no_overlap|current_state.S011           ; clk          ; clk         ; 0.000        ; 0.063      ; 0.593      ;
; 0.391 ; uart:uart_inst|uart_tx:tx_inst|c_clocks[5]                       ; uart:uart_inst|uart_tx:tx_inst|c_clocks[5]                       ; clk          ; clk         ; 0.000        ; 0.062      ; 0.610      ;
; 0.411 ; overlapping_sequence_detector_0110:u_overlap|current_state.S0110 ; overlapping_sequence_detector_0110:u_overlap|current_state.S01   ; clk          ; clk         ; 0.000        ; 0.063      ; 0.631      ;
; 0.420 ; sym_bit                                                          ; sequence_detector_0110:u_no_overlap|current_state.S0110          ; clk          ; clk         ; 0.000        ; 0.063      ; 0.640      ;
; 0.420 ; sym_bit                                                          ; overlapping_sequence_detector_0110:u_overlap|current_state.S0    ; clk          ; clk         ; 0.000        ; 0.063      ; 0.640      ;
; 0.421 ; sym_bit                                                          ; sequence_detector_0110:u_no_overlap|current_state.S0             ; clk          ; clk         ; 0.000        ; 0.063      ; 0.641      ;
; 0.421 ; sym_bit                                                          ; overlapping_sequence_detector_0110:u_overlap|current_state.S0110 ; clk          ; clk         ; 0.000        ; 0.063      ; 0.641      ;
; 0.422 ; sym_bit                                                          ; sequence_detector_0110:u_no_overlap|current_state.S01            ; clk          ; clk         ; 0.000        ; 0.063      ; 0.642      ;
; 0.422 ; sym_bit                                                          ; overlapping_sequence_detector_0110:u_overlap|current_state.S011  ; clk          ; clk         ; 0.000        ; 0.063      ; 0.642      ;
; 0.425 ; uart:uart_inst|uart_tx:tx_inst|state                             ; uart:uart_inst|uart_tx:tx_inst|s_packet_reg[11]                  ; clk          ; clk         ; 0.000        ; 0.062      ; 0.644      ;
; 0.463 ; uart:uart_inst|uart_rx:rx_inst|shift_reg[4]                      ; uart:uart_inst|uart_rx:rx_inst|shift_reg[3]                      ; clk          ; clk         ; 0.000        ; 0.077      ; 0.697      ;
; 0.465 ; uart:uart_inst|uart_rx:rx_inst|shift_reg[3]                      ; uart:uart_inst|uart_rx:rx_inst|shift_reg[2]                      ; clk          ; clk         ; 0.000        ; 0.077      ; 0.699      ;
; 0.479 ; overlapping_sequence_detector_0110:u_overlap|current_state.S01   ; overlapping_sequence_detector_0110:u_overlap|current_state.S011  ; clk          ; clk         ; 0.000        ; 0.063      ; 0.699      ;
; 0.479 ; uart:uart_inst|uart_tx:tx_inst|s_packet_reg[12]                  ; uart:uart_inst|uart_tx:tx_inst|s_packet_reg[11]                  ; clk          ; clk         ; 0.000        ; 0.062      ; 0.698      ;
; 0.481 ; uart:uart_inst|uart_tx:tx_inst|s_packet_reg[11]                  ; uart:uart_inst|uart_tx:tx_inst|s_packet_reg[10]                  ; clk          ; clk         ; 0.000        ; 0.062      ; 0.700      ;
; 0.482 ; sequence_detector_0110:u_no_overlap|current_state.S011           ; sequence_detector_0110:u_no_overlap|current_state.S0             ; clk          ; clk         ; 0.000        ; 0.063      ; 0.702      ;
; 0.489 ; sequence_detector_0110:u_no_overlap|current_state.S011           ; sequence_detector_0110:u_no_overlap|current_state.S0110          ; clk          ; clk         ; 0.000        ; 0.063      ; 0.709      ;
; 0.497 ; uart:uart_inst|uart_rx:rx_inst|shift_reg[6]                      ; uart:uart_inst|uart_rx:rx_inst|shift_reg[5]                      ; clk          ; clk         ; 0.000        ; 0.077      ; 0.731      ;
; 0.519 ; uart:uart_inst|uart_rx:rx_inst|c_clocks[3]                       ; uart:uart_inst|uart_rx:rx_inst|m_valid                           ; clk          ; clk         ; 0.000        ; 0.062      ; 0.738      ;
; 0.550 ; uart:uart_inst|uart_tx:tx_inst|s_packet_reg[1]                   ; uart:uart_inst|uart_tx:tx_inst|s_packet_reg[0]                   ; clk          ; clk         ; 0.000        ; 0.062      ; 0.769      ;
; 0.552 ; uart:uart_inst|uart_tx:tx_inst|s_packet_reg[5]                   ; uart:uart_inst|uart_tx:tx_inst|s_packet_reg[4]                   ; clk          ; clk         ; 0.000        ; 0.062      ; 0.771      ;
; 0.552 ; uart:uart_inst|uart_tx:tx_inst|s_packet_reg[7]                   ; uart:uart_inst|uart_tx:tx_inst|s_packet_reg[6]                   ; clk          ; clk         ; 0.000        ; 0.062      ; 0.771      ;
; 0.552 ; sequence_detector_0110:u_no_overlap|current_state.S0             ; sequence_detector_0110:u_no_overlap|current_state.S01            ; clk          ; clk         ; 0.000        ; 0.063      ; 0.772      ;
; 0.553 ; uart:uart_inst|uart_rx:rx_inst|state.STOP                        ; uart:uart_inst|uart_rx:rx_inst|m_valid                           ; clk          ; clk         ; 0.000        ; 0.062      ; 0.772      ;
; 0.554 ; uart:uart_inst|uart_tx:tx_inst|s_packet_reg[2]                   ; uart:uart_inst|uart_tx:tx_inst|s_packet_reg[1]                   ; clk          ; clk         ; 0.000        ; 0.062      ; 0.773      ;
; 0.555 ; uart:uart_inst|uart_tx:tx_inst|s_packet_reg[3]                   ; uart:uart_inst|uart_tx:tx_inst|s_packet_reg[2]                   ; clk          ; clk         ; 0.000        ; 0.062      ; 0.774      ;
; 0.555 ; uart:uart_inst|uart_tx:tx_inst|s_packet_reg[6]                   ; uart:uart_inst|uart_tx:tx_inst|s_packet_reg[5]                   ; clk          ; clk         ; 0.000        ; 0.062      ; 0.774      ;
; 0.556 ; uart:uart_inst|uart_tx:tx_inst|s_packet_reg[9]                   ; uart:uart_inst|uart_tx:tx_inst|s_packet_reg[8]                   ; clk          ; clk         ; 0.000        ; 0.062      ; 0.775      ;
; 0.564 ; uart:uart_inst|uart_tx:tx_inst|state                             ; s_valid                                                          ; clk          ; clk         ; 0.000        ; 0.062      ; 0.783      ;
; 0.565 ; uart:uart_inst|uart_rx:rx_inst|c_clocks[1]                       ; uart:uart_inst|uart_rx:rx_inst|c_clocks[1]                       ; clk          ; clk         ; 0.000        ; 0.062      ; 0.784      ;
; 0.568 ; uart:uart_inst|uart_rx:rx_inst|c_clocks[4]                       ; uart:uart_inst|uart_rx:rx_inst|c_clocks[4]                       ; clk          ; clk         ; 0.000        ; 0.062      ; 0.787      ;
; 0.577 ; uart:uart_inst|uart_tx:tx_inst|c_bits[0]                         ; uart:uart_inst|uart_tx:tx_inst|c_bits[1]                         ; clk          ; clk         ; 0.000        ; 0.062      ; 0.796      ;
; 0.581 ; uart:uart_inst|uart_rx:rx_inst|c_clocks[2]                       ; uart:uart_inst|uart_rx:rx_inst|c_clocks[2]                       ; clk          ; clk         ; 0.000        ; 0.062      ; 0.800      ;
; 0.589 ; overlapping_sequence_detector_0110:u_overlap|current_state.S0    ; overlapping_sequence_detector_0110:u_overlap|current_state.S01   ; clk          ; clk         ; 0.000        ; 0.063      ; 0.809      ;
; 0.591 ; uart:uart_inst|uart_tx:tx_inst|c_clocks[0]                       ; uart:uart_inst|uart_tx:tx_inst|c_clocks[0]                       ; clk          ; clk         ; 0.000        ; 0.062      ; 0.810      ;
; 0.591 ; uart:uart_inst|uart_tx:tx_inst|c_clocks[4]                       ; uart:uart_inst|uart_tx:tx_inst|c_clocks[4]                       ; clk          ; clk         ; 0.000        ; 0.062      ; 0.810      ;
; 0.591 ; uart:uart_inst|uart_rx:rx_inst|c_clocks[0]                       ; uart:uart_inst|uart_rx:rx_inst|c_clocks[0]                       ; clk          ; clk         ; 0.000        ; 0.062      ; 0.810      ;
; 0.593 ; uart:uart_inst|uart_rx:rx_inst|c_clocks[3]                       ; uart:uart_inst|uart_rx:rx_inst|c_clocks[3]                       ; clk          ; clk         ; 0.000        ; 0.062      ; 0.812      ;
; 0.594 ; uart:uart_inst|uart_rx:rx_inst|c_clocks[5]                       ; uart:uart_inst|uart_rx:rx_inst|c_clocks[5]                       ; clk          ; clk         ; 0.000        ; 0.062      ; 0.813      ;
; 0.596 ; uart:uart_inst|uart_rx:rx_inst|c_clocks[5]                       ; uart:uart_inst|uart_rx:rx_inst|m_valid                           ; clk          ; clk         ; 0.000        ; 0.062      ; 0.815      ;
; 0.601 ; overlapping_sequence_detector_0110:u_overlap|current_state.S011  ; overlapping_sequence_detector_0110:u_overlap|current_state.S0110 ; clk          ; clk         ; 0.000        ; 0.063      ; 0.821      ;
; 0.603 ; sym_bit                                                          ; sequence_detector_0110:u_no_overlap|current_state.S011           ; clk          ; clk         ; 0.000        ; 0.063      ; 0.823      ;
; 0.605 ; sym_bit                                                          ; overlapping_sequence_detector_0110:u_overlap|current_state.S01   ; clk          ; clk         ; 0.000        ; 0.063      ; 0.825      ;
; 0.606 ; uart:uart_inst|uart_tx:tx_inst|state                             ; uart:uart_inst|uart_tx:tx_inst|c_bits[0]                         ; clk          ; clk         ; 0.000        ; 0.062      ; 0.825      ;
; 0.606 ; uart:uart_inst|uart_tx:tx_inst|state                             ; uart:uart_inst|uart_tx:tx_inst|c_bits[3]                         ; clk          ; clk         ; 0.000        ; 0.062      ; 0.825      ;
; 0.617 ; uart:uart_inst|uart_rx:rx_inst|c_bits[0]                         ; uart:uart_inst|uart_rx:rx_inst|c_bits[1]                         ; clk          ; clk         ; 0.000        ; 0.062      ; 0.836      ;
; 0.623 ; mode                                                             ; s_valid                                                          ; clk          ; clk         ; 0.000        ; 0.062      ; 0.842      ;
; 0.623 ; overlapping_sequence_detector_0110:u_overlap|current_state.S011  ; overlapping_sequence_detector_0110:u_overlap|current_state.S0    ; clk          ; clk         ; 0.000        ; 0.063      ; 0.843      ;
; 0.635 ; uart:uart_inst|uart_rx:rx_inst|state.DATA                        ; uart:uart_inst|uart_rx:rx_inst|c_bits[2]                         ; clk          ; clk         ; 0.000        ; 0.062      ; 0.854      ;
; 0.643 ; uart:uart_inst|uart_tx:tx_inst|state                             ; uart:uart_inst|uart_tx:tx_inst|s_packet_reg[10]                  ; clk          ; clk         ; 0.000        ; 0.062      ; 0.862      ;
; 0.644 ; uart:uart_inst|uart_tx:tx_inst|state                             ; uart:uart_inst|uart_tx:tx_inst|s_packet_reg[12]                  ; clk          ; clk         ; 0.000        ; 0.062      ; 0.863      ;
; 0.647 ; uart:uart_inst|uart_rx:rx_inst|state.DATA                        ; uart:uart_inst|uart_rx:rx_inst|c_bits[0]                         ; clk          ; clk         ; 0.000        ; 0.062      ; 0.866      ;
; 0.647 ; uart:uart_inst|uart_rx:rx_inst|state.DATA                        ; uart:uart_inst|uart_rx:rx_inst|c_bits[1]                         ; clk          ; clk         ; 0.000        ; 0.062      ; 0.866      ;
; 0.692 ; uart:uart_inst|uart_tx:tx_inst|s_packet_reg[4]                   ; uart:uart_inst|uart_tx:tx_inst|s_packet_reg[3]                   ; clk          ; clk         ; 0.000        ; 0.062      ; 0.911      ;
; 0.692 ; uart:uart_inst|uart_tx:tx_inst|s_packet_reg[8]                   ; uart:uart_inst|uart_tx:tx_inst|s_packet_reg[7]                   ; clk          ; clk         ; 0.000        ; 0.062      ; 0.911      ;
; 0.711 ; uart:uart_inst|uart_tx:tx_inst|c_clocks[1]                       ; uart:uart_inst|uart_tx:tx_inst|c_clocks[1]                       ; clk          ; clk         ; 0.000        ; 0.062      ; 0.930      ;
; 0.716 ; uart:uart_inst|uart_tx:tx_inst|c_bits[3]                         ; uart:uart_inst|uart_tx:tx_inst|s_packet_reg[12]                  ; clk          ; clk         ; 0.000        ; 0.062      ; 0.935      ;
; 0.716 ; uart:uart_inst|uart_tx:tx_inst|c_clocks[3]                       ; uart:uart_inst|uart_tx:tx_inst|c_clocks[3]                       ; clk          ; clk         ; 0.000        ; 0.062      ; 0.935      ;
; 0.716 ; uart:uart_inst|uart_tx:tx_inst|c_clocks[2]                       ; uart:uart_inst|uart_tx:tx_inst|c_clocks[2]                       ; clk          ; clk         ; 0.000        ; 0.062      ; 0.935      ;
; 0.717 ; uart:uart_inst|uart_rx:rx_inst|c_clocks[4]                       ; uart:uart_inst|uart_rx:rx_inst|m_valid                           ; clk          ; clk         ; 0.000        ; 0.062      ; 0.936      ;
; 0.718 ; uart:uart_inst|uart_tx:tx_inst|c_bits[3]                         ; uart:uart_inst|uart_tx:tx_inst|s_packet_reg[10]                  ; clk          ; clk         ; 0.000        ; 0.062      ; 0.937      ;
; 0.747 ; uart:uart_inst|uart_tx:tx_inst|state                             ; uart:uart_inst|uart_tx:tx_inst|c_bits[2]                         ; clk          ; clk         ; 0.000        ; 0.062      ; 0.966      ;
; 0.747 ; uart:uart_inst|uart_tx:tx_inst|state                             ; uart:uart_inst|uart_tx:tx_inst|c_bits[1]                         ; clk          ; clk         ; 0.000        ; 0.062      ; 0.966      ;
; 0.785 ; uart:uart_inst|uart_tx:tx_inst|state                             ; uart:uart_inst|uart_tx:tx_inst|s_packet_reg[2]                   ; clk          ; clk         ; 0.000        ; 0.062      ; 1.004      ;
; 0.786 ; uart:uart_inst|uart_tx:tx_inst|state                             ; uart:uart_inst|uart_tx:tx_inst|s_packet_reg[6]                   ; clk          ; clk         ; 0.000        ; 0.062      ; 1.005      ;
; 0.786 ; uart:uart_inst|uart_tx:tx_inst|state                             ; uart:uart_inst|uart_tx:tx_inst|s_packet_reg[7]                   ; clk          ; clk         ; 0.000        ; 0.062      ; 1.005      ;
; 0.787 ; uart:uart_inst|uart_tx:tx_inst|state                             ; uart:uart_inst|uart_tx:tx_inst|s_packet_reg[8]                   ; clk          ; clk         ; 0.000        ; 0.062      ; 1.006      ;
; 0.789 ; uart:uart_inst|uart_tx:tx_inst|state                             ; uart:uart_inst|uart_tx:tx_inst|s_packet_reg[1]                   ; clk          ; clk         ; 0.000        ; 0.062      ; 1.008      ;
; 0.789 ; uart:uart_inst|uart_tx:tx_inst|state                             ; uart:uart_inst|uart_tx:tx_inst|s_packet_reg[5]                   ; clk          ; clk         ; 0.000        ; 0.062      ; 1.008      ;
; 0.789 ; uart:uart_inst|uart_tx:tx_inst|state                             ; uart:uart_inst|uart_tx:tx_inst|s_packet_reg[0]                   ; clk          ; clk         ; 0.000        ; 0.062      ; 1.008      ;
; 0.789 ; uart:uart_inst|uart_tx:tx_inst|state                             ; uart:uart_inst|uart_tx:tx_inst|s_packet_reg[4]                   ; clk          ; clk         ; 0.000        ; 0.062      ; 1.008      ;
; 0.789 ; uart:uart_inst|uart_tx:tx_inst|state                             ; uart:uart_inst|uart_tx:tx_inst|s_packet_reg[3]                   ; clk          ; clk         ; 0.000        ; 0.062      ; 1.008      ;
; 0.793 ; uart:uart_inst|uart_tx:tx_inst|state                             ; uart:uart_inst|uart_tx:tx_inst|s_packet_reg[9]                   ; clk          ; clk         ; 0.000        ; 0.062      ; 1.012      ;
; 0.793 ; s_data[6]                                                        ; uart:uart_inst|uart_tx:tx_inst|s_packet_reg[7]                   ; clk          ; clk         ; 0.000        ; 0.062      ; 1.012      ;
; 0.797 ; s_data[6]                                                        ; uart:uart_inst|uart_tx:tx_inst|s_packet_reg[3]                   ; clk          ; clk         ; 0.000        ; 0.062      ; 1.016      ;
; 0.813 ; sequence_detector_0110:u_no_overlap|current_state.S0110          ; s_valid                                                          ; clk          ; clk         ; 0.000        ; 0.062      ; 1.032      ;
; 0.840 ; uart:uart_inst|uart_rx:rx_inst|c_clocks[1]                       ; uart:uart_inst|uart_rx:rx_inst|c_clocks[2]                       ; clk          ; clk         ; 0.000        ; 0.062      ; 1.059      ;
; 0.855 ; uart:uart_inst|uart_rx:rx_inst|c_clocks[4]                       ; uart:uart_inst|uart_rx:rx_inst|c_clocks[5]                       ; clk          ; clk         ; 0.000        ; 0.062      ; 1.074      ;
; 0.858 ; uart:uart_inst|uart_rx:rx_inst|c_clocks[0]                       ; uart:uart_inst|uart_rx:rx_inst|c_clocks[1]                       ; clk          ; clk         ; 0.000        ; 0.062      ; 1.077      ;
; 0.858 ; uart:uart_inst|uart_tx:tx_inst|c_clocks[0]                       ; uart:uart_inst|uart_tx:tx_inst|c_clocks[1]                       ; clk          ; clk         ; 0.000        ; 0.062      ; 1.077      ;
+-------+------------------------------------------------------------------+------------------------------------------------------------------+--------------+-------------+--------------+------------+------------+


-----------------------------------------------
; Slow 1200mV 85C Model Metastability Summary ;
-----------------------------------------------
Design MTBF is not calculated because the design doesn't meet its timing requirements.



+-----------------------------------------------------------------------------------------------------------+
; Slow 1200mV 0C Model Fmax Summary                                                                         ;
+------------+-----------------+------------+---------------------------------------------------------------+
; Fmax       ; Restricted Fmax ; Clock Name ; Note                                                          ;
+------------+-----------------+------------+---------------------------------------------------------------+
; 389.86 MHz ; 250.0 MHz       ; clk        ; limit due to minimum period restriction (max I/O toggle rate) ;
+------------+-----------------+------------+---------------------------------------------------------------+
This panel reports FMAX for every clock in the design, regardless of the user-specified clock periods.  FMAX is only computed for paths where the source and destination registers or ports are driven by the same clock.  Paths of different clocks, including generated clocks, are ignored.  For paths between a clock and its inversion, FMAX is computed as if the rising and falling edges are scaled along with FMAX, such that the duty cycle (in terms of a percentage) is maintained. Altera recommends that you always use clock constraints and other slack reports for sign-off analysis.


+------------------------------------+
; Slow 1200mV 0C Model Setup Summary ;
+-------+--------+-------------------+
; Clock ; Slack  ; End Point TNS     ;
+-------+--------+-------------------+
; clk   ; -1.565 ; -59.162           ;
+-------+--------+-------------------+


+-----------------------------------+
; Slow 1200mV 0C Model Hold Summary ;
+-------+-------+-------------------+
; Clock ; Slack ; End Point TNS     ;
+-------+-------+-------------------+
; clk   ; 0.311 ; 0.000             ;
+-------+-------+-------------------+


-----------------------------------------
; Slow 1200mV 0C Model Recovery Summary ;
-----------------------------------------
No paths to report.


----------------------------------------
; Slow 1200mV 0C Model Removal Summary ;
----------------------------------------
No paths to report.


+--------------------------------------------------+
; Slow 1200mV 0C Model Minimum Pulse Width Summary ;
+-------+--------+---------------------------------+
; Clock ; Slack  ; End Point TNS                   ;
+-------+--------+---------------------------------+
; clk   ; -3.000 ; -64.000                         ;
+-------+--------+---------------------------------+


+-----------------------------------------------------------------------------------------------------------------------------------------------------------------------------+
; Slow 1200mV 0C Model Setup: 'clk'                                                                                                                                           ;
+--------+--------------------------------------------+-------------------------------------------------+--------------+-------------+--------------+------------+------------+
; Slack  ; From Node                                  ; To Node                                         ; Launch Clock ; Latch Clock ; Relationship ; Clock Skew ; Data Delay ;
+--------+--------------------------------------------+-------------------------------------------------+--------------+-------------+--------------+------------+------------+
; -1.565 ; uart:uart_inst|uart_rx:rx_inst|c_bits[1]   ; uart:uart_inst|uart_rx:rx_inst|state.START      ; clk          ; clk         ; 1.000        ; -0.054     ; 2.506      ;
; -1.541 ; uart:uart_inst|uart_rx:rx_inst|c_clocks[3] ; uart:uart_inst|uart_rx:rx_inst|state.START      ; clk          ; clk         ; 1.000        ; -0.054     ; 2.482      ;
; -1.488 ; uart:uart_inst|uart_rx:rx_inst|c_bits[2]   ; uart:uart_inst|uart_rx:rx_inst|state.START      ; clk          ; clk         ; 1.000        ; -0.054     ; 2.429      ;
; -1.485 ; uart:uart_inst|uart_rx:rx_inst|c_clocks[5] ; uart:uart_inst|uart_rx:rx_inst|state.START      ; clk          ; clk         ; 1.000        ; -0.054     ; 2.426      ;
; -1.481 ; uart:uart_inst|uart_rx:rx_inst|c_clocks[1] ; uart:uart_inst|uart_rx:rx_inst|state.START      ; clk          ; clk         ; 1.000        ; -0.054     ; 2.422      ;
; -1.465 ; uart:uart_inst|uart_rx:rx_inst|c_clocks[2] ; uart:uart_inst|uart_rx:rx_inst|state.START      ; clk          ; clk         ; 1.000        ; -0.054     ; 2.406      ;
; -1.459 ; uart:uart_inst|uart_rx:rx_inst|c_clocks[0] ; uart:uart_inst|uart_rx:rx_inst|state.START      ; clk          ; clk         ; 1.000        ; -0.054     ; 2.400      ;
; -1.392 ; uart:uart_inst|uart_tx:tx_inst|c_clocks[2] ; uart:uart_inst|uart_tx:tx_inst|s_packet_reg[10] ; clk          ; clk         ; 1.000        ; -0.055     ; 2.332      ;
; -1.392 ; uart:uart_inst|uart_tx:tx_inst|c_clocks[2] ; uart:uart_inst|uart_tx:tx_inst|s_packet_reg[11] ; clk          ; clk         ; 1.000        ; -0.055     ; 2.332      ;
; -1.392 ; uart:uart_inst|uart_tx:tx_inst|c_clocks[2] ; uart:uart_inst|uart_tx:tx_inst|s_packet_reg[12] ; clk          ; clk         ; 1.000        ; -0.055     ; 2.332      ;
; -1.369 ; uart:uart_inst|uart_rx:rx_inst|c_bits[0]   ; uart:uart_inst|uart_rx:rx_inst|state.START      ; clk          ; clk         ; 1.000        ; -0.054     ; 2.310      ;
; -1.349 ; uart:uart_inst|uart_tx:tx_inst|c_clocks[2] ; uart:uart_inst|uart_tx:tx_inst|s_packet_reg[0]  ; clk          ; clk         ; 1.000        ; -0.055     ; 2.289      ;
; -1.349 ; uart:uart_inst|uart_tx:tx_inst|c_clocks[2] ; uart:uart_inst|uart_tx:tx_inst|s_packet_reg[1]  ; clk          ; clk         ; 1.000        ; -0.055     ; 2.289      ;
; -1.349 ; uart:uart_inst|uart_tx:tx_inst|c_clocks[2] ; uart:uart_inst|uart_tx:tx_inst|s_packet_reg[2]  ; clk          ; clk         ; 1.000        ; -0.055     ; 2.289      ;
; -1.349 ; uart:uart_inst|uart_tx:tx_inst|c_clocks[2] ; uart:uart_inst|uart_tx:tx_inst|s_packet_reg[3]  ; clk          ; clk         ; 1.000        ; -0.055     ; 2.289      ;
; -1.349 ; uart:uart_inst|uart_tx:tx_inst|c_clocks[2] ; uart:uart_inst|uart_tx:tx_inst|s_packet_reg[4]  ; clk          ; clk         ; 1.000        ; -0.055     ; 2.289      ;
; -1.349 ; uart:uart_inst|uart_tx:tx_inst|c_clocks[2] ; uart:uart_inst|uart_tx:tx_inst|s_packet_reg[5]  ; clk          ; clk         ; 1.000        ; -0.055     ; 2.289      ;
; -1.349 ; uart:uart_inst|uart_tx:tx_inst|c_clocks[2] ; uart:uart_inst|uart_tx:tx_inst|s_packet_reg[6]  ; clk          ; clk         ; 1.000        ; -0.055     ; 2.289      ;
; -1.349 ; uart:uart_inst|uart_tx:tx_inst|c_clocks[2] ; uart:uart_inst|uart_tx:tx_inst|s_packet_reg[7]  ; clk          ; clk         ; 1.000        ; -0.055     ; 2.289      ;
; -1.349 ; uart:uart_inst|uart_tx:tx_inst|c_clocks[2] ; uart:uart_inst|uart_tx:tx_inst|s_packet_reg[8]  ; clk          ; clk         ; 1.000        ; -0.055     ; 2.289      ;
; -1.349 ; uart:uart_inst|uart_tx:tx_inst|c_clocks[2] ; uart:uart_inst|uart_tx:tx_inst|s_packet_reg[9]  ; clk          ; clk         ; 1.000        ; -0.055     ; 2.289      ;
; -1.321 ; uart:uart_inst|uart_rx:rx_inst|c_bits[1]   ; uart:uart_inst|uart_rx:rx_inst|state.IDLE       ; clk          ; clk         ; 1.000        ; -0.054     ; 2.262      ;
; -1.308 ; uart:uart_inst|uart_rx:rx_inst|c_bits[1]   ; uart:uart_inst|uart_rx:rx_inst|state.DATA       ; clk          ; clk         ; 1.000        ; -0.055     ; 2.248      ;
; -1.305 ; uart:uart_inst|uart_rx:rx_inst|state.DATA  ; uart:uart_inst|uart_rx:rx_inst|state.START      ; clk          ; clk         ; 1.000        ; -0.054     ; 2.246      ;
; -1.299 ; uart:uart_inst|uart_rx:rx_inst|c_clocks[3] ; uart:uart_inst|uart_rx:rx_inst|state.IDLE       ; clk          ; clk         ; 1.000        ; -0.054     ; 2.240      ;
; -1.293 ; uart:uart_inst|uart_rx:rx_inst|c_clocks[3] ; uart:uart_inst|uart_rx:rx_inst|state.DATA       ; clk          ; clk         ; 1.000        ; -0.055     ; 2.233      ;
; -1.281 ; uart:uart_inst|uart_rx:rx_inst|c_clocks[3] ; uart:uart_inst|uart_rx:rx_inst|c_clocks[5]      ; clk          ; clk         ; 1.000        ; -0.055     ; 2.221      ;
; -1.281 ; uart:uart_inst|uart_rx:rx_inst|c_clocks[3] ; uart:uart_inst|uart_rx:rx_inst|c_clocks[4]      ; clk          ; clk         ; 1.000        ; -0.055     ; 2.221      ;
; -1.281 ; uart:uart_inst|uart_rx:rx_inst|c_clocks[3] ; uart:uart_inst|uart_rx:rx_inst|c_clocks[3]      ; clk          ; clk         ; 1.000        ; -0.055     ; 2.221      ;
; -1.281 ; uart:uart_inst|uart_rx:rx_inst|c_clocks[3] ; uart:uart_inst|uart_rx:rx_inst|c_clocks[0]      ; clk          ; clk         ; 1.000        ; -0.055     ; 2.221      ;
; -1.281 ; uart:uart_inst|uart_rx:rx_inst|c_clocks[3] ; uart:uart_inst|uart_rx:rx_inst|c_clocks[1]      ; clk          ; clk         ; 1.000        ; -0.055     ; 2.221      ;
; -1.281 ; uart:uart_inst|uart_rx:rx_inst|c_clocks[3] ; uart:uart_inst|uart_rx:rx_inst|c_clocks[2]      ; clk          ; clk         ; 1.000        ; -0.055     ; 2.221      ;
; -1.268 ; uart:uart_inst|uart_rx:rx_inst|c_clocks[4] ; uart:uart_inst|uart_rx:rx_inst|state.START      ; clk          ; clk         ; 1.000        ; -0.054     ; 2.209      ;
; -1.255 ; uart:uart_inst|uart_rx:rx_inst|state.START ; uart:uart_inst|uart_rx:rx_inst|state.START      ; clk          ; clk         ; 1.000        ; -0.055     ; 2.195      ;
; -1.250 ; uart:uart_inst|uart_tx:tx_inst|c_clocks[3] ; uart:uart_inst|uart_tx:tx_inst|s_packet_reg[10] ; clk          ; clk         ; 1.000        ; -0.055     ; 2.190      ;
; -1.250 ; uart:uart_inst|uart_tx:tx_inst|c_clocks[3] ; uart:uart_inst|uart_tx:tx_inst|s_packet_reg[11] ; clk          ; clk         ; 1.000        ; -0.055     ; 2.190      ;
; -1.250 ; uart:uart_inst|uart_tx:tx_inst|c_clocks[3] ; uart:uart_inst|uart_tx:tx_inst|s_packet_reg[12] ; clk          ; clk         ; 1.000        ; -0.055     ; 2.190      ;
; -1.244 ; uart:uart_inst|uart_rx:rx_inst|c_bits[2]   ; uart:uart_inst|uart_rx:rx_inst|state.IDLE       ; clk          ; clk         ; 1.000        ; -0.054     ; 2.185      ;
; -1.241 ; uart:uart_inst|uart_rx:rx_inst|c_clocks[5] ; uart:uart_inst|uart_rx:rx_inst|state.IDLE       ; clk          ; clk         ; 1.000        ; -0.054     ; 2.182      ;
; -1.237 ; uart:uart_inst|uart_rx:rx_inst|c_clocks[1] ; uart:uart_inst|uart_rx:rx_inst|state.IDLE       ; clk          ; clk         ; 1.000        ; -0.054     ; 2.178      ;
; -1.231 ; uart:uart_inst|uart_rx:rx_inst|c_bits[2]   ; uart:uart_inst|uart_rx:rx_inst|state.DATA       ; clk          ; clk         ; 1.000        ; -0.055     ; 2.171      ;
; -1.228 ; uart:uart_inst|uart_rx:rx_inst|c_clocks[5] ; uart:uart_inst|uart_rx:rx_inst|state.DATA       ; clk          ; clk         ; 1.000        ; -0.055     ; 2.168      ;
; -1.225 ; uart:uart_inst|uart_rx:rx_inst|c_clocks[0] ; uart:uart_inst|uart_rx:rx_inst|state.IDLE       ; clk          ; clk         ; 1.000        ; -0.054     ; 2.166      ;
; -1.224 ; uart:uart_inst|uart_rx:rx_inst|c_clocks[1] ; uart:uart_inst|uart_rx:rx_inst|state.DATA       ; clk          ; clk         ; 1.000        ; -0.055     ; 2.164      ;
; -1.224 ; uart:uart_inst|uart_rx:rx_inst|c_clocks[2] ; uart:uart_inst|uart_rx:rx_inst|state.IDLE       ; clk          ; clk         ; 1.000        ; -0.054     ; 2.165      ;
; -1.219 ; uart:uart_inst|uart_rx:rx_inst|c_clocks[0] ; uart:uart_inst|uart_rx:rx_inst|state.DATA       ; clk          ; clk         ; 1.000        ; -0.055     ; 2.159      ;
; -1.218 ; uart:uart_inst|uart_rx:rx_inst|c_clocks[2] ; uart:uart_inst|uart_rx:rx_inst|state.DATA       ; clk          ; clk         ; 1.000        ; -0.055     ; 2.158      ;
; -1.216 ; uart:uart_inst|uart_rx:rx_inst|c_clocks[5] ; uart:uart_inst|uart_rx:rx_inst|c_clocks[5]      ; clk          ; clk         ; 1.000        ; -0.055     ; 2.156      ;
; -1.216 ; uart:uart_inst|uart_rx:rx_inst|c_clocks[5] ; uart:uart_inst|uart_rx:rx_inst|c_clocks[4]      ; clk          ; clk         ; 1.000        ; -0.055     ; 2.156      ;
; -1.216 ; uart:uart_inst|uart_rx:rx_inst|c_clocks[5] ; uart:uart_inst|uart_rx:rx_inst|c_clocks[3]      ; clk          ; clk         ; 1.000        ; -0.055     ; 2.156      ;
; -1.216 ; uart:uart_inst|uart_rx:rx_inst|c_clocks[5] ; uart:uart_inst|uart_rx:rx_inst|c_clocks[0]      ; clk          ; clk         ; 1.000        ; -0.055     ; 2.156      ;
; -1.216 ; uart:uart_inst|uart_rx:rx_inst|c_clocks[5] ; uart:uart_inst|uart_rx:rx_inst|c_clocks[1]      ; clk          ; clk         ; 1.000        ; -0.055     ; 2.156      ;
; -1.216 ; uart:uart_inst|uart_rx:rx_inst|c_clocks[5] ; uart:uart_inst|uart_rx:rx_inst|c_clocks[2]      ; clk          ; clk         ; 1.000        ; -0.055     ; 2.156      ;
; -1.207 ; uart:uart_inst|uart_tx:tx_inst|c_clocks[3] ; uart:uart_inst|uart_tx:tx_inst|s_packet_reg[0]  ; clk          ; clk         ; 1.000        ; -0.055     ; 2.147      ;
; -1.207 ; uart:uart_inst|uart_tx:tx_inst|c_clocks[3] ; uart:uart_inst|uart_tx:tx_inst|s_packet_reg[1]  ; clk          ; clk         ; 1.000        ; -0.055     ; 2.147      ;
; -1.207 ; uart:uart_inst|uart_tx:tx_inst|c_clocks[3] ; uart:uart_inst|uart_tx:tx_inst|s_packet_reg[2]  ; clk          ; clk         ; 1.000        ; -0.055     ; 2.147      ;
; -1.207 ; uart:uart_inst|uart_tx:tx_inst|c_clocks[3] ; uart:uart_inst|uart_tx:tx_inst|s_packet_reg[3]  ; clk          ; clk         ; 1.000        ; -0.055     ; 2.147      ;
; -1.207 ; uart:uart_inst|uart_tx:tx_inst|c_clocks[3] ; uart:uart_inst|uart_tx:tx_inst|s_packet_reg[4]  ; clk          ; clk         ; 1.000        ; -0.055     ; 2.147      ;
; -1.207 ; uart:uart_inst|uart_tx:tx_inst|c_clocks[3] ; uart:uart_inst|uart_tx:tx_inst|s_packet_reg[5]  ; clk          ; clk         ; 1.000        ; -0.055     ; 2.147      ;
; -1.207 ; uart:uart_inst|uart_tx:tx_inst|c_clocks[3] ; uart:uart_inst|uart_tx:tx_inst|s_packet_reg[6]  ; clk          ; clk         ; 1.000        ; -0.055     ; 2.147      ;
; -1.207 ; uart:uart_inst|uart_tx:tx_inst|c_clocks[3] ; uart:uart_inst|uart_tx:tx_inst|s_packet_reg[7]  ; clk          ; clk         ; 1.000        ; -0.055     ; 2.147      ;
; -1.207 ; uart:uart_inst|uart_tx:tx_inst|c_clocks[3] ; uart:uart_inst|uart_tx:tx_inst|s_packet_reg[8]  ; clk          ; clk         ; 1.000        ; -0.055     ; 2.147      ;
; -1.207 ; uart:uart_inst|uart_tx:tx_inst|c_clocks[3] ; uart:uart_inst|uart_tx:tx_inst|s_packet_reg[9]  ; clk          ; clk         ; 1.000        ; -0.055     ; 2.147      ;
; -1.202 ; uart:uart_inst|uart_tx:tx_inst|c_clocks[5] ; uart:uart_inst|uart_tx:tx_inst|s_packet_reg[10] ; clk          ; clk         ; 1.000        ; -0.055     ; 2.142      ;
; -1.202 ; uart:uart_inst|uart_tx:tx_inst|c_clocks[5] ; uart:uart_inst|uart_tx:tx_inst|s_packet_reg[11] ; clk          ; clk         ; 1.000        ; -0.055     ; 2.142      ;
; -1.202 ; uart:uart_inst|uart_tx:tx_inst|c_clocks[5] ; uart:uart_inst|uart_tx:tx_inst|s_packet_reg[12] ; clk          ; clk         ; 1.000        ; -0.055     ; 2.142      ;
; -1.189 ; uart:uart_inst|uart_rx:rx_inst|c_bits[1]   ; uart:uart_inst|uart_rx:rx_inst|state.STOP       ; clk          ; clk         ; 1.000        ; -0.055     ; 2.129      ;
; -1.179 ; uart:uart_inst|uart_rx:rx_inst|c_clocks[1] ; uart:uart_inst|uart_rx:rx_inst|c_bits[1]        ; clk          ; clk         ; 1.000        ; -0.055     ; 2.119      ;
; -1.177 ; uart:uart_inst|uart_rx:rx_inst|c_clocks[1] ; uart:uart_inst|uart_rx:rx_inst|c_bits[2]        ; clk          ; clk         ; 1.000        ; -0.055     ; 2.117      ;
; -1.175 ; uart:uart_inst|uart_rx:rx_inst|c_clocks[1] ; uart:uart_inst|uart_rx:rx_inst|c_bits[0]        ; clk          ; clk         ; 1.000        ; -0.055     ; 2.115      ;
; -1.165 ; uart:uart_inst|uart_rx:rx_inst|c_clocks[3] ; uart:uart_inst|uart_rx:rx_inst|state.STOP       ; clk          ; clk         ; 1.000        ; -0.055     ; 2.105      ;
; -1.163 ; uart:uart_inst|uart_rx:rx_inst|c_clocks[2] ; uart:uart_inst|uart_rx:rx_inst|c_bits[1]        ; clk          ; clk         ; 1.000        ; -0.055     ; 2.103      ;
; -1.161 ; uart:uart_inst|uart_rx:rx_inst|c_clocks[2] ; uart:uart_inst|uart_rx:rx_inst|c_bits[2]        ; clk          ; clk         ; 1.000        ; -0.055     ; 2.101      ;
; -1.159 ; uart:uart_inst|uart_tx:tx_inst|c_clocks[5] ; uart:uart_inst|uart_tx:tx_inst|s_packet_reg[0]  ; clk          ; clk         ; 1.000        ; -0.055     ; 2.099      ;
; -1.159 ; uart:uart_inst|uart_tx:tx_inst|c_clocks[5] ; uart:uart_inst|uart_tx:tx_inst|s_packet_reg[1]  ; clk          ; clk         ; 1.000        ; -0.055     ; 2.099      ;
; -1.159 ; uart:uart_inst|uart_tx:tx_inst|c_clocks[5] ; uart:uart_inst|uart_tx:tx_inst|s_packet_reg[2]  ; clk          ; clk         ; 1.000        ; -0.055     ; 2.099      ;
; -1.159 ; uart:uart_inst|uart_tx:tx_inst|c_clocks[5] ; uart:uart_inst|uart_tx:tx_inst|s_packet_reg[3]  ; clk          ; clk         ; 1.000        ; -0.055     ; 2.099      ;
; -1.159 ; uart:uart_inst|uart_tx:tx_inst|c_clocks[5] ; uart:uart_inst|uart_tx:tx_inst|s_packet_reg[4]  ; clk          ; clk         ; 1.000        ; -0.055     ; 2.099      ;
; -1.159 ; uart:uart_inst|uart_tx:tx_inst|c_clocks[5] ; uart:uart_inst|uart_tx:tx_inst|s_packet_reg[5]  ; clk          ; clk         ; 1.000        ; -0.055     ; 2.099      ;
; -1.159 ; uart:uart_inst|uart_tx:tx_inst|c_clocks[5] ; uart:uart_inst|uart_tx:tx_inst|s_packet_reg[6]  ; clk          ; clk         ; 1.000        ; -0.055     ; 2.099      ;
; -1.159 ; uart:uart_inst|uart_tx:tx_inst|c_clocks[5] ; uart:uart_inst|uart_tx:tx_inst|s_packet_reg[7]  ; clk          ; clk         ; 1.000        ; -0.055     ; 2.099      ;
; -1.159 ; uart:uart_inst|uart_tx:tx_inst|c_clocks[5] ; uart:uart_inst|uart_tx:tx_inst|s_packet_reg[8]  ; clk          ; clk         ; 1.000        ; -0.055     ; 2.099      ;
; -1.159 ; uart:uart_inst|uart_tx:tx_inst|c_clocks[5] ; uart:uart_inst|uart_tx:tx_inst|s_packet_reg[9]  ; clk          ; clk         ; 1.000        ; -0.055     ; 2.099      ;
; -1.159 ; uart:uart_inst|uart_rx:rx_inst|c_clocks[2] ; uart:uart_inst|uart_rx:rx_inst|c_bits[0]        ; clk          ; clk         ; 1.000        ; -0.055     ; 2.099      ;
; -1.158 ; uart:uart_inst|uart_rx:rx_inst|c_clocks[1] ; uart:uart_inst|uart_rx:rx_inst|c_clocks[5]      ; clk          ; clk         ; 1.000        ; -0.055     ; 2.098      ;
; -1.158 ; uart:uart_inst|uart_rx:rx_inst|c_clocks[1] ; uart:uart_inst|uart_rx:rx_inst|c_clocks[4]      ; clk          ; clk         ; 1.000        ; -0.055     ; 2.098      ;
; -1.158 ; uart:uart_inst|uart_rx:rx_inst|c_clocks[1] ; uart:uart_inst|uart_rx:rx_inst|c_clocks[3]      ; clk          ; clk         ; 1.000        ; -0.055     ; 2.098      ;
; -1.158 ; uart:uart_inst|uart_rx:rx_inst|c_clocks[1] ; uart:uart_inst|uart_rx:rx_inst|c_clocks[0]      ; clk          ; clk         ; 1.000        ; -0.055     ; 2.098      ;
; -1.158 ; uart:uart_inst|uart_rx:rx_inst|c_clocks[1] ; uart:uart_inst|uart_rx:rx_inst|c_clocks[1]      ; clk          ; clk         ; 1.000        ; -0.055     ; 2.098      ;
; -1.158 ; uart:uart_inst|uart_rx:rx_inst|c_clocks[1] ; uart:uart_inst|uart_rx:rx_inst|c_clocks[2]      ; clk          ; clk         ; 1.000        ; -0.055     ; 2.098      ;
; -1.147 ; uart:uart_inst|uart_rx:rx_inst|state.STOP  ; uart:uart_inst|uart_rx:rx_inst|state.START      ; clk          ; clk         ; 1.000        ; -0.054     ; 2.088      ;
; -1.144 ; uart:uart_inst|uart_rx:rx_inst|c_clocks[0] ; uart:uart_inst|uart_rx:rx_inst|c_clocks[5]      ; clk          ; clk         ; 1.000        ; -0.055     ; 2.084      ;
; -1.144 ; uart:uart_inst|uart_rx:rx_inst|c_clocks[0] ; uart:uart_inst|uart_rx:rx_inst|c_clocks[4]      ; clk          ; clk         ; 1.000        ; -0.055     ; 2.084      ;
; -1.144 ; uart:uart_inst|uart_rx:rx_inst|c_clocks[0] ; uart:uart_inst|uart_rx:rx_inst|c_clocks[3]      ; clk          ; clk         ; 1.000        ; -0.055     ; 2.084      ;
; -1.144 ; uart:uart_inst|uart_rx:rx_inst|c_clocks[0] ; uart:uart_inst|uart_rx:rx_inst|c_clocks[0]      ; clk          ; clk         ; 1.000        ; -0.055     ; 2.084      ;
; -1.144 ; uart:uart_inst|uart_rx:rx_inst|c_clocks[0] ; uart:uart_inst|uart_rx:rx_inst|c_clocks[1]      ; clk          ; clk         ; 1.000        ; -0.055     ; 2.084      ;
; -1.144 ; uart:uart_inst|uart_rx:rx_inst|c_clocks[0] ; uart:uart_inst|uart_rx:rx_inst|c_clocks[2]      ; clk          ; clk         ; 1.000        ; -0.055     ; 2.084      ;
; -1.143 ; uart:uart_inst|uart_rx:rx_inst|c_clocks[2] ; uart:uart_inst|uart_rx:rx_inst|c_clocks[5]      ; clk          ; clk         ; 1.000        ; -0.055     ; 2.083      ;
; -1.143 ; uart:uart_inst|uart_rx:rx_inst|c_clocks[2] ; uart:uart_inst|uart_rx:rx_inst|c_clocks[4]      ; clk          ; clk         ; 1.000        ; -0.055     ; 2.083      ;
; -1.143 ; uart:uart_inst|uart_rx:rx_inst|c_clocks[2] ; uart:uart_inst|uart_rx:rx_inst|c_clocks[3]      ; clk          ; clk         ; 1.000        ; -0.055     ; 2.083      ;
+--------+--------------------------------------------+-------------------------------------------------+--------------+-------------+--------------+------------+------------+


+-------------------------------------------------------------------------------------------------------------------------------------------------------------------------------------------------------------------+
; Slow 1200mV 0C Model Hold: 'clk'                                                                                                                                                                                  ;
+-------+------------------------------------------------------------------+------------------------------------------------------------------+--------------+-------------+--------------+------------+------------+
; Slack ; From Node                                                        ; To Node                                                          ; Launch Clock ; Latch Clock ; Relationship ; Clock Skew ; Data Delay ;
+-------+------------------------------------------------------------------+------------------------------------------------------------------+--------------+-------------+--------------+------------+------------+
; 0.311 ; sym_bit                                                          ; sym_bit                                                          ; clk          ; clk         ; 0.000        ; 0.056      ; 0.511      ;
; 0.312 ; s_data[6]                                                        ; s_data[6]                                                        ; clk          ; clk         ; 0.000        ; 0.055      ; 0.511      ;
; 0.312 ; uart:uart_inst|uart_tx:tx_inst|c_bits[2]                         ; uart:uart_inst|uart_tx:tx_inst|c_bits[2]                         ; clk          ; clk         ; 0.000        ; 0.055      ; 0.511      ;
; 0.312 ; uart:uart_inst|uart_tx:tx_inst|c_bits[1]                         ; uart:uart_inst|uart_tx:tx_inst|c_bits[1]                         ; clk          ; clk         ; 0.000        ; 0.055      ; 0.511      ;
; 0.312 ; uart:uart_inst|uart_tx:tx_inst|c_bits[0]                         ; uart:uart_inst|uart_tx:tx_inst|c_bits[0]                         ; clk          ; clk         ; 0.000        ; 0.055      ; 0.511      ;
; 0.312 ; uart:uart_inst|uart_tx:tx_inst|c_bits[3]                         ; uart:uart_inst|uart_tx:tx_inst|c_bits[3]                         ; clk          ; clk         ; 0.000        ; 0.055      ; 0.511      ;
; 0.312 ; mode                                                             ; mode                                                             ; clk          ; clk         ; 0.000        ; 0.055      ; 0.511      ;
; 0.312 ; uart:uart_inst|uart_rx:rx_inst|m_data[0]                         ; uart:uart_inst|uart_rx:rx_inst|m_data[0]                         ; clk          ; clk         ; 0.000        ; 0.055      ; 0.511      ;
; 0.312 ; uart:uart_inst|uart_rx:rx_inst|state.STOP                        ; uart:uart_inst|uart_rx:rx_inst|state.STOP                        ; clk          ; clk         ; 0.000        ; 0.055      ; 0.511      ;
; 0.312 ; uart:uart_inst|uart_rx:rx_inst|state.DATA                        ; uart:uart_inst|uart_rx:rx_inst|state.DATA                        ; clk          ; clk         ; 0.000        ; 0.055      ; 0.511      ;
; 0.312 ; uart:uart_inst|uart_rx:rx_inst|state.START                       ; uart:uart_inst|uart_rx:rx_inst|state.START                       ; clk          ; clk         ; 0.000        ; 0.055      ; 0.511      ;
; 0.312 ; uart:uart_inst|uart_rx:rx_inst|state.IDLE                        ; uart:uart_inst|uart_rx:rx_inst|state.IDLE                        ; clk          ; clk         ; 0.000        ; 0.055      ; 0.511      ;
; 0.312 ; uart:uart_inst|uart_rx:rx_inst|c_bits[0]                         ; uart:uart_inst|uart_rx:rx_inst|c_bits[0]                         ; clk          ; clk         ; 0.000        ; 0.055      ; 0.511      ;
; 0.312 ; uart:uart_inst|uart_rx:rx_inst|c_bits[2]                         ; uart:uart_inst|uart_rx:rx_inst|c_bits[2]                         ; clk          ; clk         ; 0.000        ; 0.055      ; 0.511      ;
; 0.312 ; uart:uart_inst|uart_rx:rx_inst|c_bits[1]                         ; uart:uart_inst|uart_rx:rx_inst|c_bits[1]                         ; clk          ; clk         ; 0.000        ; 0.055      ; 0.511      ;
; 0.325 ; uart:uart_inst|uart_rx:rx_inst|shift_reg[7]                      ; uart:uart_inst|uart_rx:rx_inst|shift_reg[6]                      ; clk          ; clk         ; 0.000        ; 0.068      ; 0.537      ;
; 0.326 ; uart:uart_inst|uart_rx:rx_inst|shift_reg[1]                      ; uart:uart_inst|uart_rx:rx_inst|shift_reg[0]                      ; clk          ; clk         ; 0.000        ; 0.068      ; 0.538      ;
; 0.327 ; uart:uart_inst|uart_rx:rx_inst|shift_reg[2]                      ; uart:uart_inst|uart_rx:rx_inst|shift_reg[1]                      ; clk          ; clk         ; 0.000        ; 0.068      ; 0.539      ;
; 0.327 ; uart:uart_inst|uart_rx:rx_inst|shift_reg[5]                      ; uart:uart_inst|uart_rx:rx_inst|shift_reg[4]                      ; clk          ; clk         ; 0.000        ; 0.068      ; 0.539      ;
; 0.332 ; mode_in_q                                                        ; mode                                                             ; clk          ; clk         ; 0.000        ; 0.055      ; 0.531      ;
; 0.338 ; sequence_detector_0110:u_no_overlap|current_state.S01            ; sequence_detector_0110:u_no_overlap|current_state.S011           ; clk          ; clk         ; 0.000        ; 0.056      ; 0.538      ;
; 0.348 ; uart:uart_inst|uart_tx:tx_inst|c_clocks[5]                       ; uart:uart_inst|uart_tx:tx_inst|c_clocks[5]                       ; clk          ; clk         ; 0.000        ; 0.055      ; 0.547      ;
; 0.371 ; sym_bit                                                          ; overlapping_sequence_detector_0110:u_overlap|current_state.S0    ; clk          ; clk         ; 0.000        ; 0.056      ; 0.571      ;
; 0.372 ; sym_bit                                                          ; sequence_detector_0110:u_no_overlap|current_state.S0             ; clk          ; clk         ; 0.000        ; 0.056      ; 0.572      ;
; 0.372 ; sym_bit                                                          ; sequence_detector_0110:u_no_overlap|current_state.S0110          ; clk          ; clk         ; 0.000        ; 0.056      ; 0.572      ;
; 0.372 ; overlapping_sequence_detector_0110:u_overlap|current_state.S0110 ; overlapping_sequence_detector_0110:u_overlap|current_state.S01   ; clk          ; clk         ; 0.000        ; 0.056      ; 0.572      ;
; 0.372 ; sym_bit                                                          ; overlapping_sequence_detector_0110:u_overlap|current_state.S0110 ; clk          ; clk         ; 0.000        ; 0.056      ; 0.572      ;
; 0.378 ; uart:uart_inst|uart_tx:tx_inst|state                             ; uart:uart_inst|uart_tx:tx_inst|s_packet_reg[11]                  ; clk          ; clk         ; 0.000        ; 0.055      ; 0.577      ;
; 0.379 ; sym_bit                                                          ; sequence_detector_0110:u_no_overlap|current_state.S01            ; clk          ; clk         ; 0.000        ; 0.056      ; 0.579      ;
; 0.379 ; sym_bit                                                          ; overlapping_sequence_detector_0110:u_overlap|current_state.S011  ; clk          ; clk         ; 0.000        ; 0.056      ; 0.579      ;
; 0.418 ; uart:uart_inst|uart_rx:rx_inst|shift_reg[4]                      ; uart:uart_inst|uart_rx:rx_inst|shift_reg[3]                      ; clk          ; clk         ; 0.000        ; 0.068      ; 0.630      ;
; 0.420 ; uart:uart_inst|uart_rx:rx_inst|shift_reg[3]                      ; uart:uart_inst|uart_rx:rx_inst|shift_reg[2]                      ; clk          ; clk         ; 0.000        ; 0.068      ; 0.632      ;
; 0.427 ; sequence_detector_0110:u_no_overlap|current_state.S011           ; sequence_detector_0110:u_no_overlap|current_state.S0             ; clk          ; clk         ; 0.000        ; 0.056      ; 0.627      ;
; 0.432 ; overlapping_sequence_detector_0110:u_overlap|current_state.S01   ; overlapping_sequence_detector_0110:u_overlap|current_state.S011  ; clk          ; clk         ; 0.000        ; 0.056      ; 0.632      ;
; 0.433 ; uart:uart_inst|uart_tx:tx_inst|s_packet_reg[12]                  ; uart:uart_inst|uart_tx:tx_inst|s_packet_reg[11]                  ; clk          ; clk         ; 0.000        ; 0.055      ; 0.632      ;
; 0.435 ; uart:uart_inst|uart_tx:tx_inst|s_packet_reg[11]                  ; uart:uart_inst|uart_tx:tx_inst|s_packet_reg[10]                  ; clk          ; clk         ; 0.000        ; 0.055      ; 0.634      ;
; 0.440 ; sequence_detector_0110:u_no_overlap|current_state.S011           ; sequence_detector_0110:u_no_overlap|current_state.S0110          ; clk          ; clk         ; 0.000        ; 0.056      ; 0.640      ;
; 0.461 ; uart:uart_inst|uart_rx:rx_inst|c_clocks[3]                       ; uart:uart_inst|uart_rx:rx_inst|m_valid                           ; clk          ; clk         ; 0.000        ; 0.055      ; 0.660      ;
; 0.463 ; uart:uart_inst|uart_rx:rx_inst|shift_reg[6]                      ; uart:uart_inst|uart_rx:rx_inst|shift_reg[5]                      ; clk          ; clk         ; 0.000        ; 0.068      ; 0.675      ;
; 0.494 ; uart:uart_inst|uart_tx:tx_inst|s_packet_reg[1]                   ; uart:uart_inst|uart_tx:tx_inst|s_packet_reg[0]                   ; clk          ; clk         ; 0.000        ; 0.055      ; 0.693      ;
; 0.495 ; sequence_detector_0110:u_no_overlap|current_state.S0             ; sequence_detector_0110:u_no_overlap|current_state.S01            ; clk          ; clk         ; 0.000        ; 0.056      ; 0.695      ;
; 0.496 ; uart:uart_inst|uart_tx:tx_inst|s_packet_reg[5]                   ; uart:uart_inst|uart_tx:tx_inst|s_packet_reg[4]                   ; clk          ; clk         ; 0.000        ; 0.055      ; 0.695      ;
; 0.496 ; uart:uart_inst|uart_tx:tx_inst|s_packet_reg[7]                   ; uart:uart_inst|uart_tx:tx_inst|s_packet_reg[6]                   ; clk          ; clk         ; 0.000        ; 0.055      ; 0.695      ;
; 0.498 ; uart:uart_inst|uart_tx:tx_inst|s_packet_reg[2]                   ; uart:uart_inst|uart_tx:tx_inst|s_packet_reg[1]                   ; clk          ; clk         ; 0.000        ; 0.055      ; 0.697      ;
; 0.498 ; uart:uart_inst|uart_rx:rx_inst|state.STOP                        ; uart:uart_inst|uart_rx:rx_inst|m_valid                           ; clk          ; clk         ; 0.000        ; 0.055      ; 0.697      ;
; 0.499 ; uart:uart_inst|uart_tx:tx_inst|s_packet_reg[3]                   ; uart:uart_inst|uart_tx:tx_inst|s_packet_reg[2]                   ; clk          ; clk         ; 0.000        ; 0.055      ; 0.698      ;
; 0.499 ; uart:uart_inst|uart_tx:tx_inst|s_packet_reg[6]                   ; uart:uart_inst|uart_tx:tx_inst|s_packet_reg[5]                   ; clk          ; clk         ; 0.000        ; 0.055      ; 0.698      ;
; 0.500 ; uart:uart_inst|uart_tx:tx_inst|s_packet_reg[9]                   ; uart:uart_inst|uart_tx:tx_inst|s_packet_reg[8]                   ; clk          ; clk         ; 0.000        ; 0.055      ; 0.699      ;
; 0.507 ; uart:uart_inst|uart_rx:rx_inst|c_clocks[1]                       ; uart:uart_inst|uart_rx:rx_inst|c_clocks[1]                       ; clk          ; clk         ; 0.000        ; 0.055      ; 0.706      ;
; 0.511 ; uart:uart_inst|uart_rx:rx_inst|c_clocks[4]                       ; uart:uart_inst|uart_rx:rx_inst|c_clocks[4]                       ; clk          ; clk         ; 0.000        ; 0.055      ; 0.710      ;
; 0.513 ; uart:uart_inst|uart_tx:tx_inst|state                             ; s_valid                                                          ; clk          ; clk         ; 0.000        ; 0.055      ; 0.712      ;
; 0.514 ; uart:uart_inst|uart_tx:tx_inst|c_bits[0]                         ; uart:uart_inst|uart_tx:tx_inst|c_bits[1]                         ; clk          ; clk         ; 0.000        ; 0.055      ; 0.713      ;
; 0.521 ; uart:uart_inst|uart_rx:rx_inst|c_clocks[2]                       ; uart:uart_inst|uart_rx:rx_inst|c_clocks[2]                       ; clk          ; clk         ; 0.000        ; 0.055      ; 0.720      ;
; 0.527 ; uart:uart_inst|uart_rx:rx_inst|c_clocks[0]                       ; uart:uart_inst|uart_rx:rx_inst|c_clocks[0]                       ; clk          ; clk         ; 0.000        ; 0.055      ; 0.726      ;
; 0.528 ; uart:uart_inst|uart_tx:tx_inst|c_clocks[0]                       ; uart:uart_inst|uart_tx:tx_inst|c_clocks[0]                       ; clk          ; clk         ; 0.000        ; 0.055      ; 0.727      ;
; 0.528 ; overlapping_sequence_detector_0110:u_overlap|current_state.S0    ; overlapping_sequence_detector_0110:u_overlap|current_state.S01   ; clk          ; clk         ; 0.000        ; 0.056      ; 0.728      ;
; 0.529 ; uart:uart_inst|uart_tx:tx_inst|c_clocks[4]                       ; uart:uart_inst|uart_tx:tx_inst|c_clocks[4]                       ; clk          ; clk         ; 0.000        ; 0.055      ; 0.728      ;
; 0.531 ; uart:uart_inst|uart_rx:rx_inst|c_clocks[3]                       ; uart:uart_inst|uart_rx:rx_inst|c_clocks[3]                       ; clk          ; clk         ; 0.000        ; 0.055      ; 0.730      ;
; 0.533 ; uart:uart_inst|uart_rx:rx_inst|c_clocks[5]                       ; uart:uart_inst|uart_rx:rx_inst|c_clocks[5]                       ; clk          ; clk         ; 0.000        ; 0.055      ; 0.732      ;
; 0.535 ; uart:uart_inst|uart_rx:rx_inst|c_clocks[5]                       ; uart:uart_inst|uart_rx:rx_inst|m_valid                           ; clk          ; clk         ; 0.000        ; 0.055      ; 0.734      ;
; 0.539 ; overlapping_sequence_detector_0110:u_overlap|current_state.S011  ; overlapping_sequence_detector_0110:u_overlap|current_state.S0110 ; clk          ; clk         ; 0.000        ; 0.056      ; 0.739      ;
; 0.541 ; uart:uart_inst|uart_tx:tx_inst|state                             ; uart:uart_inst|uart_tx:tx_inst|c_bits[0]                         ; clk          ; clk         ; 0.000        ; 0.055      ; 0.740      ;
; 0.541 ; uart:uart_inst|uart_tx:tx_inst|state                             ; uart:uart_inst|uart_tx:tx_inst|c_bits[3]                         ; clk          ; clk         ; 0.000        ; 0.055      ; 0.740      ;
; 0.543 ; sym_bit                                                          ; sequence_detector_0110:u_no_overlap|current_state.S011           ; clk          ; clk         ; 0.000        ; 0.056      ; 0.743      ;
; 0.544 ; sym_bit                                                          ; overlapping_sequence_detector_0110:u_overlap|current_state.S01   ; clk          ; clk         ; 0.000        ; 0.056      ; 0.744      ;
; 0.553 ; uart:uart_inst|uart_rx:rx_inst|c_bits[0]                         ; uart:uart_inst|uart_rx:rx_inst|c_bits[1]                         ; clk          ; clk         ; 0.000        ; 0.055      ; 0.752      ;
; 0.557 ; overlapping_sequence_detector_0110:u_overlap|current_state.S011  ; overlapping_sequence_detector_0110:u_overlap|current_state.S0    ; clk          ; clk         ; 0.000        ; 0.056      ; 0.757      ;
; 0.558 ; mode                                                             ; s_valid                                                          ; clk          ; clk         ; 0.000        ; 0.055      ; 0.757      ;
; 0.566 ; uart:uart_inst|uart_rx:rx_inst|state.DATA                        ; uart:uart_inst|uart_rx:rx_inst|c_bits[2]                         ; clk          ; clk         ; 0.000        ; 0.055      ; 0.765      ;
; 0.573 ; uart:uart_inst|uart_tx:tx_inst|state                             ; uart:uart_inst|uart_tx:tx_inst|s_packet_reg[12]                  ; clk          ; clk         ; 0.000        ; 0.055      ; 0.772      ;
; 0.575 ; uart:uart_inst|uart_rx:rx_inst|state.DATA                        ; uart:uart_inst|uart_rx:rx_inst|c_bits[0]                         ; clk          ; clk         ; 0.000        ; 0.055      ; 0.774      ;
; 0.575 ; uart:uart_inst|uart_tx:tx_inst|state                             ; uart:uart_inst|uart_tx:tx_inst|s_packet_reg[10]                  ; clk          ; clk         ; 0.000        ; 0.055      ; 0.774      ;
; 0.577 ; uart:uart_inst|uart_rx:rx_inst|state.DATA                        ; uart:uart_inst|uart_rx:rx_inst|c_bits[1]                         ; clk          ; clk         ; 0.000        ; 0.055      ; 0.776      ;
; 0.629 ; uart:uart_inst|uart_tx:tx_inst|s_packet_reg[4]                   ; uart:uart_inst|uart_tx:tx_inst|s_packet_reg[3]                   ; clk          ; clk         ; 0.000        ; 0.055      ; 0.828      ;
; 0.629 ; uart:uart_inst|uart_tx:tx_inst|s_packet_reg[8]                   ; uart:uart_inst|uart_tx:tx_inst|s_packet_reg[7]                   ; clk          ; clk         ; 0.000        ; 0.055      ; 0.828      ;
; 0.645 ; uart:uart_inst|uart_tx:tx_inst|c_bits[3]                         ; uart:uart_inst|uart_tx:tx_inst|s_packet_reg[12]                  ; clk          ; clk         ; 0.000        ; 0.055      ; 0.844      ;
; 0.647 ; uart:uart_inst|uart_tx:tx_inst|c_bits[3]                         ; uart:uart_inst|uart_tx:tx_inst|s_packet_reg[10]                  ; clk          ; clk         ; 0.000        ; 0.055      ; 0.846      ;
; 0.649 ; uart:uart_inst|uart_tx:tx_inst|c_clocks[1]                       ; uart:uart_inst|uart_tx:tx_inst|c_clocks[1]                       ; clk          ; clk         ; 0.000        ; 0.055      ; 0.848      ;
; 0.649 ; uart:uart_inst|uart_rx:rx_inst|c_clocks[4]                       ; uart:uart_inst|uart_rx:rx_inst|m_valid                           ; clk          ; clk         ; 0.000        ; 0.055      ; 0.848      ;
; 0.653 ; uart:uart_inst|uart_tx:tx_inst|c_clocks[3]                       ; uart:uart_inst|uart_tx:tx_inst|c_clocks[3]                       ; clk          ; clk         ; 0.000        ; 0.055      ; 0.852      ;
; 0.655 ; uart:uart_inst|uart_tx:tx_inst|c_clocks[2]                       ; uart:uart_inst|uart_tx:tx_inst|c_clocks[2]                       ; clk          ; clk         ; 0.000        ; 0.055      ; 0.854      ;
; 0.680 ; uart:uart_inst|uart_tx:tx_inst|state                             ; uart:uart_inst|uart_tx:tx_inst|c_bits[2]                         ; clk          ; clk         ; 0.000        ; 0.055      ; 0.879      ;
; 0.681 ; uart:uart_inst|uart_tx:tx_inst|state                             ; uart:uart_inst|uart_tx:tx_inst|c_bits[1]                         ; clk          ; clk         ; 0.000        ; 0.055      ; 0.880      ;
; 0.720 ; uart:uart_inst|uart_tx:tx_inst|state                             ; uart:uart_inst|uart_tx:tx_inst|s_packet_reg[2]                   ; clk          ; clk         ; 0.000        ; 0.055      ; 0.919      ;
; 0.721 ; uart:uart_inst|uart_tx:tx_inst|state                             ; uart:uart_inst|uart_tx:tx_inst|s_packet_reg[7]                   ; clk          ; clk         ; 0.000        ; 0.055      ; 0.920      ;
; 0.722 ; uart:uart_inst|uart_tx:tx_inst|state                             ; uart:uart_inst|uart_tx:tx_inst|s_packet_reg[8]                   ; clk          ; clk         ; 0.000        ; 0.055      ; 0.921      ;
; 0.722 ; uart:uart_inst|uart_tx:tx_inst|state                             ; uart:uart_inst|uart_tx:tx_inst|s_packet_reg[6]                   ; clk          ; clk         ; 0.000        ; 0.055      ; 0.921      ;
; 0.722 ; s_data[6]                                                        ; uart:uart_inst|uart_tx:tx_inst|s_packet_reg[7]                   ; clk          ; clk         ; 0.000        ; 0.055      ; 0.921      ;
; 0.723 ; uart:uart_inst|uart_tx:tx_inst|state                             ; uart:uart_inst|uart_tx:tx_inst|s_packet_reg[5]                   ; clk          ; clk         ; 0.000        ; 0.055      ; 0.922      ;
; 0.723 ; uart:uart_inst|uart_tx:tx_inst|state                             ; uart:uart_inst|uart_tx:tx_inst|s_packet_reg[0]                   ; clk          ; clk         ; 0.000        ; 0.055      ; 0.922      ;
; 0.723 ; uart:uart_inst|uart_tx:tx_inst|state                             ; uart:uart_inst|uart_tx:tx_inst|s_packet_reg[4]                   ; clk          ; clk         ; 0.000        ; 0.055      ; 0.922      ;
; 0.724 ; uart:uart_inst|uart_tx:tx_inst|state                             ; uart:uart_inst|uart_tx:tx_inst|s_packet_reg[1]                   ; clk          ; clk         ; 0.000        ; 0.055      ; 0.923      ;
; 0.724 ; uart:uart_inst|uart_tx:tx_inst|state                             ; uart:uart_inst|uart_tx:tx_inst|s_packet_reg[3]                   ; clk          ; clk         ; 0.000        ; 0.055      ; 0.923      ;
; 0.726 ; s_data[6]                                                        ; uart:uart_inst|uart_tx:tx_inst|s_packet_reg[3]                   ; clk          ; clk         ; 0.000        ; 0.055      ; 0.925      ;
; 0.735 ; uart:uart_inst|uart_tx:tx_inst|state                             ; uart:uart_inst|uart_tx:tx_inst|s_packet_reg[9]                   ; clk          ; clk         ; 0.000        ; 0.055      ; 0.934      ;
; 0.751 ; uart:uart_inst|uart_rx:rx_inst|c_clocks[1]                       ; uart:uart_inst|uart_rx:rx_inst|c_clocks[2]                       ; clk          ; clk         ; 0.000        ; 0.055      ; 0.950      ;
; 0.751 ; sequence_detector_0110:u_no_overlap|current_state.S0110          ; s_valid                                                          ; clk          ; clk         ; 0.000        ; 0.055      ; 0.950      ;
; 0.760 ; uart:uart_inst|uart_rx:rx_inst|c_clocks[0]                       ; uart:uart_inst|uart_rx:rx_inst|c_clocks[1]                       ; clk          ; clk         ; 0.000        ; 0.055      ; 0.959      ;
; 0.760 ; uart:uart_inst|uart_rx:rx_inst|c_clocks[4]                       ; uart:uart_inst|uart_rx:rx_inst|c_clocks[5]                       ; clk          ; clk         ; 0.000        ; 0.055      ; 0.959      ;
; 0.761 ; uart:uart_inst|uart_tx:tx_inst|c_clocks[0]                       ; uart:uart_inst|uart_tx:tx_inst|c_clocks[1]                       ; clk          ; clk         ; 0.000        ; 0.055      ; 0.960      ;
+-------+------------------------------------------------------------------+------------------------------------------------------------------+--------------+-------------+--------------+------------+------------+


----------------------------------------------
; Slow 1200mV 0C Model Metastability Summary ;
----------------------------------------------
Design MTBF is not calculated because the design doesn't meet its timing requirements.



+------------------------------------+
; Fast 1200mV 0C Model Setup Summary ;
+-------+--------+-------------------+
; Clock ; Slack  ; End Point TNS     ;
+-------+--------+-------------------+
; clk   ; -0.608 ; -15.142           ;
+-------+--------+-------------------+


+-----------------------------------+
; Fast 1200mV 0C Model Hold Summary ;
+-------+-------+-------------------+
; Clock ; Slack ; End Point TNS     ;
+-------+-------+-------------------+
; clk   ; 0.184 ; 0.000             ;
+-------+-------+-------------------+


-----------------------------------------
; Fast 1200mV 0C Model Recovery Summary ;
-----------------------------------------
No paths to report.


----------------------------------------
; Fast 1200mV 0C Model Removal Summary ;
----------------------------------------
No paths to report.


+--------------------------------------------------+
; Fast 1200mV 0C Model Minimum Pulse Width Summary ;
+-------+--------+---------------------------------+
; Clock ; Slack  ; End Point TNS                   ;
+-------+--------+---------------------------------+
; clk   ; -3.000 ; -67.567                         ;
+-------+--------+---------------------------------+


+-----------------------------------------------------------------------------------------------------------------------------------------------------------------------------+
; Fast 1200mV 0C Model Setup: 'clk'                                                                                                                                           ;
+--------+--------------------------------------------+-------------------------------------------------+--------------+-------------+--------------+------------+------------+
; Slack  ; From Node                                  ; To Node                                         ; Launch Clock ; Latch Clock ; Relationship ; Clock Skew ; Data Delay ;
+--------+--------------------------------------------+-------------------------------------------------+--------------+-------------+--------------+------------+------------+
; -0.608 ; uart:uart_inst|uart_rx:rx_inst|c_bits[1]   ; uart:uart_inst|uart_rx:rx_inst|state.START      ; clk          ; clk         ; 1.000        ; -0.036     ; 1.559      ;
; -0.592 ; uart:uart_inst|uart_rx:rx_inst|c_clocks[3] ; uart:uart_inst|uart_rx:rx_inst|state.START      ; clk          ; clk         ; 1.000        ; -0.036     ; 1.543      ;
; -0.558 ; uart:uart_inst|uart_rx:rx_inst|c_clocks[5] ; uart:uart_inst|uart_rx:rx_inst|state.START      ; clk          ; clk         ; 1.000        ; -0.036     ; 1.509      ;
; -0.546 ; uart:uart_inst|uart_rx:rx_inst|c_bits[2]   ; uart:uart_inst|uart_rx:rx_inst|state.START      ; clk          ; clk         ; 1.000        ; -0.036     ; 1.497      ;
; -0.541 ; uart:uart_inst|uart_rx:rx_inst|c_clocks[1] ; uart:uart_inst|uart_rx:rx_inst|state.START      ; clk          ; clk         ; 1.000        ; -0.036     ; 1.492      ;
; -0.536 ; uart:uart_inst|uart_rx:rx_inst|c_clocks[0] ; uart:uart_inst|uart_rx:rx_inst|state.START      ; clk          ; clk         ; 1.000        ; -0.036     ; 1.487      ;
; -0.523 ; uart:uart_inst|uart_rx:rx_inst|c_clocks[2] ; uart:uart_inst|uart_rx:rx_inst|state.START      ; clk          ; clk         ; 1.000        ; -0.036     ; 1.474      ;
; -0.481 ; uart:uart_inst|uart_rx:rx_inst|c_bits[0]   ; uart:uart_inst|uart_rx:rx_inst|state.START      ; clk          ; clk         ; 1.000        ; -0.036     ; 1.432      ;
; -0.461 ; uart:uart_inst|uart_rx:rx_inst|state.DATA  ; uart:uart_inst|uart_rx:rx_inst|state.START      ; clk          ; clk         ; 1.000        ; -0.036     ; 1.412      ;
; -0.458 ; uart:uart_inst|uart_tx:tx_inst|c_clocks[2] ; uart:uart_inst|uart_tx:tx_inst|s_packet_reg[10] ; clk          ; clk         ; 1.000        ; -0.037     ; 1.408      ;
; -0.458 ; uart:uart_inst|uart_tx:tx_inst|c_clocks[2] ; uart:uart_inst|uart_tx:tx_inst|s_packet_reg[11] ; clk          ; clk         ; 1.000        ; -0.037     ; 1.408      ;
; -0.458 ; uart:uart_inst|uart_tx:tx_inst|c_clocks[2] ; uart:uart_inst|uart_tx:tx_inst|s_packet_reg[12] ; clk          ; clk         ; 1.000        ; -0.037     ; 1.408      ;
; -0.450 ; uart:uart_inst|uart_rx:rx_inst|c_bits[1]   ; uart:uart_inst|uart_rx:rx_inst|state.IDLE       ; clk          ; clk         ; 1.000        ; -0.036     ; 1.401      ;
; -0.445 ; uart:uart_inst|uart_rx:rx_inst|c_bits[1]   ; uart:uart_inst|uart_rx:rx_inst|state.DATA       ; clk          ; clk         ; 1.000        ; -0.037     ; 1.395      ;
; -0.436 ; uart:uart_inst|uart_tx:tx_inst|c_clocks[2] ; uart:uart_inst|uart_tx:tx_inst|s_packet_reg[0]  ; clk          ; clk         ; 1.000        ; -0.038     ; 1.385      ;
; -0.436 ; uart:uart_inst|uart_tx:tx_inst|c_clocks[2] ; uart:uart_inst|uart_tx:tx_inst|s_packet_reg[1]  ; clk          ; clk         ; 1.000        ; -0.038     ; 1.385      ;
; -0.436 ; uart:uart_inst|uart_tx:tx_inst|c_clocks[2] ; uart:uart_inst|uart_tx:tx_inst|s_packet_reg[2]  ; clk          ; clk         ; 1.000        ; -0.038     ; 1.385      ;
; -0.436 ; uart:uart_inst|uart_tx:tx_inst|c_clocks[2] ; uart:uart_inst|uart_tx:tx_inst|s_packet_reg[3]  ; clk          ; clk         ; 1.000        ; -0.038     ; 1.385      ;
; -0.436 ; uart:uart_inst|uart_tx:tx_inst|c_clocks[2] ; uart:uart_inst|uart_tx:tx_inst|s_packet_reg[4]  ; clk          ; clk         ; 1.000        ; -0.038     ; 1.385      ;
; -0.436 ; uart:uart_inst|uart_tx:tx_inst|c_clocks[2] ; uart:uart_inst|uart_tx:tx_inst|s_packet_reg[5]  ; clk          ; clk         ; 1.000        ; -0.038     ; 1.385      ;
; -0.436 ; uart:uart_inst|uart_tx:tx_inst|c_clocks[2] ; uart:uart_inst|uart_tx:tx_inst|s_packet_reg[6]  ; clk          ; clk         ; 1.000        ; -0.038     ; 1.385      ;
; -0.436 ; uart:uart_inst|uart_tx:tx_inst|c_clocks[2] ; uart:uart_inst|uart_tx:tx_inst|s_packet_reg[7]  ; clk          ; clk         ; 1.000        ; -0.038     ; 1.385      ;
; -0.436 ; uart:uart_inst|uart_tx:tx_inst|c_clocks[2] ; uart:uart_inst|uart_tx:tx_inst|s_packet_reg[8]  ; clk          ; clk         ; 1.000        ; -0.038     ; 1.385      ;
; -0.436 ; uart:uart_inst|uart_tx:tx_inst|c_clocks[2] ; uart:uart_inst|uart_tx:tx_inst|s_packet_reg[9]  ; clk          ; clk         ; 1.000        ; -0.038     ; 1.385      ;
; -0.434 ; uart:uart_inst|uart_rx:rx_inst|c_clocks[3] ; uart:uart_inst|uart_rx:rx_inst|state.IDLE       ; clk          ; clk         ; 1.000        ; -0.036     ; 1.385      ;
; -0.429 ; uart:uart_inst|uart_rx:rx_inst|c_clocks[3] ; uart:uart_inst|uart_rx:rx_inst|state.DATA       ; clk          ; clk         ; 1.000        ; -0.037     ; 1.379      ;
; -0.422 ; uart:uart_inst|uart_rx:rx_inst|state.START ; uart:uart_inst|uart_rx:rx_inst|state.START      ; clk          ; clk         ; 1.000        ; -0.037     ; 1.372      ;
; -0.418 ; uart:uart_inst|uart_rx:rx_inst|c_clocks[4] ; uart:uart_inst|uart_rx:rx_inst|state.START      ; clk          ; clk         ; 1.000        ; -0.036     ; 1.369      ;
; -0.400 ; uart:uart_inst|uart_rx:rx_inst|c_clocks[5] ; uart:uart_inst|uart_rx:rx_inst|state.IDLE       ; clk          ; clk         ; 1.000        ; -0.036     ; 1.351      ;
; -0.395 ; uart:uart_inst|uart_rx:rx_inst|c_clocks[5] ; uart:uart_inst|uart_rx:rx_inst|state.DATA       ; clk          ; clk         ; 1.000        ; -0.037     ; 1.345      ;
; -0.388 ; uart:uart_inst|uart_rx:rx_inst|c_bits[2]   ; uart:uart_inst|uart_rx:rx_inst|state.IDLE       ; clk          ; clk         ; 1.000        ; -0.036     ; 1.339      ;
; -0.383 ; uart:uart_inst|uart_rx:rx_inst|c_clocks[1] ; uart:uart_inst|uart_rx:rx_inst|state.IDLE       ; clk          ; clk         ; 1.000        ; -0.036     ; 1.334      ;
; -0.383 ; uart:uart_inst|uart_rx:rx_inst|c_bits[2]   ; uart:uart_inst|uart_rx:rx_inst|state.DATA       ; clk          ; clk         ; 1.000        ; -0.037     ; 1.333      ;
; -0.379 ; uart:uart_inst|uart_rx:rx_inst|c_clocks[3] ; uart:uart_inst|uart_rx:rx_inst|c_clocks[5]      ; clk          ; clk         ; 1.000        ; -0.036     ; 1.330      ;
; -0.379 ; uart:uart_inst|uart_rx:rx_inst|c_clocks[3] ; uart:uart_inst|uart_rx:rx_inst|c_clocks[4]      ; clk          ; clk         ; 1.000        ; -0.036     ; 1.330      ;
; -0.379 ; uart:uart_inst|uart_rx:rx_inst|c_clocks[3] ; uart:uart_inst|uart_rx:rx_inst|c_clocks[3]      ; clk          ; clk         ; 1.000        ; -0.036     ; 1.330      ;
; -0.379 ; uart:uart_inst|uart_rx:rx_inst|c_clocks[3] ; uart:uart_inst|uart_rx:rx_inst|c_clocks[0]      ; clk          ; clk         ; 1.000        ; -0.036     ; 1.330      ;
; -0.379 ; uart:uart_inst|uart_rx:rx_inst|c_clocks[3] ; uart:uart_inst|uart_rx:rx_inst|c_clocks[1]      ; clk          ; clk         ; 1.000        ; -0.036     ; 1.330      ;
; -0.379 ; uart:uart_inst|uart_rx:rx_inst|c_clocks[3] ; uart:uart_inst|uart_rx:rx_inst|c_clocks[2]      ; clk          ; clk         ; 1.000        ; -0.036     ; 1.330      ;
; -0.378 ; uart:uart_inst|uart_rx:rx_inst|c_clocks[0] ; uart:uart_inst|uart_rx:rx_inst|state.IDLE       ; clk          ; clk         ; 1.000        ; -0.036     ; 1.329      ;
; -0.378 ; uart:uart_inst|uart_rx:rx_inst|c_clocks[1] ; uart:uart_inst|uart_rx:rx_inst|state.DATA       ; clk          ; clk         ; 1.000        ; -0.037     ; 1.328      ;
; -0.376 ; uart:uart_inst|uart_tx:tx_inst|c_clocks[5] ; uart:uart_inst|uart_tx:tx_inst|s_packet_reg[10] ; clk          ; clk         ; 1.000        ; -0.037     ; 1.326      ;
; -0.376 ; uart:uart_inst|uart_tx:tx_inst|c_clocks[5] ; uart:uart_inst|uart_tx:tx_inst|s_packet_reg[11] ; clk          ; clk         ; 1.000        ; -0.037     ; 1.326      ;
; -0.376 ; uart:uart_inst|uart_tx:tx_inst|c_clocks[5] ; uart:uart_inst|uart_tx:tx_inst|s_packet_reg[12] ; clk          ; clk         ; 1.000        ; -0.037     ; 1.326      ;
; -0.374 ; uart:uart_inst|uart_rx:rx_inst|c_clocks[0] ; uart:uart_inst|uart_rx:rx_inst|state.DATA       ; clk          ; clk         ; 1.000        ; -0.037     ; 1.324      ;
; -0.365 ; uart:uart_inst|uart_rx:rx_inst|c_clocks[2] ; uart:uart_inst|uart_rx:rx_inst|state.IDLE       ; clk          ; clk         ; 1.000        ; -0.036     ; 1.316      ;
; -0.362 ; uart:uart_inst|uart_rx:rx_inst|c_bits[1]   ; uart:uart_inst|uart_rx:rx_inst|state.STOP       ; clk          ; clk         ; 1.000        ; -0.036     ; 1.313      ;
; -0.362 ; uart:uart_inst|uart_tx:tx_inst|c_clocks[3] ; uart:uart_inst|uart_tx:tx_inst|s_packet_reg[10] ; clk          ; clk         ; 1.000        ; -0.037     ; 1.312      ;
; -0.362 ; uart:uart_inst|uart_tx:tx_inst|c_clocks[3] ; uart:uart_inst|uart_tx:tx_inst|s_packet_reg[11] ; clk          ; clk         ; 1.000        ; -0.037     ; 1.312      ;
; -0.362 ; uart:uart_inst|uart_tx:tx_inst|c_clocks[3] ; uart:uart_inst|uart_tx:tx_inst|s_packet_reg[12] ; clk          ; clk         ; 1.000        ; -0.037     ; 1.312      ;
; -0.360 ; uart:uart_inst|uart_rx:rx_inst|c_clocks[2] ; uart:uart_inst|uart_rx:rx_inst|state.DATA       ; clk          ; clk         ; 1.000        ; -0.037     ; 1.310      ;
; -0.347 ; uart:uart_inst|uart_rx:rx_inst|state.STOP  ; uart:uart_inst|uart_rx:rx_inst|state.START      ; clk          ; clk         ; 1.000        ; -0.036     ; 1.298      ;
; -0.346 ; uart:uart_inst|uart_rx:rx_inst|c_clocks[3] ; uart:uart_inst|uart_rx:rx_inst|state.STOP       ; clk          ; clk         ; 1.000        ; -0.036     ; 1.297      ;
; -0.342 ; uart:uart_inst|uart_tx:tx_inst|c_clocks[5] ; uart:uart_inst|uart_tx:tx_inst|s_packet_reg[0]  ; clk          ; clk         ; 1.000        ; -0.038     ; 1.291      ;
; -0.342 ; uart:uart_inst|uart_tx:tx_inst|c_clocks[5] ; uart:uart_inst|uart_tx:tx_inst|s_packet_reg[1]  ; clk          ; clk         ; 1.000        ; -0.038     ; 1.291      ;
; -0.342 ; uart:uart_inst|uart_tx:tx_inst|c_clocks[5] ; uart:uart_inst|uart_tx:tx_inst|s_packet_reg[2]  ; clk          ; clk         ; 1.000        ; -0.038     ; 1.291      ;
; -0.342 ; uart:uart_inst|uart_tx:tx_inst|c_clocks[5] ; uart:uart_inst|uart_tx:tx_inst|s_packet_reg[3]  ; clk          ; clk         ; 1.000        ; -0.038     ; 1.291      ;
; -0.342 ; uart:uart_inst|uart_tx:tx_inst|c_clocks[5] ; uart:uart_inst|uart_tx:tx_inst|s_packet_reg[4]  ; clk          ; clk         ; 1.000        ; -0.038     ; 1.291      ;
; -0.342 ; uart:uart_inst|uart_tx:tx_inst|c_clocks[5] ; uart:uart_inst|uart_tx:tx_inst|s_packet_reg[5]  ; clk          ; clk         ; 1.000        ; -0.038     ; 1.291      ;
; -0.342 ; uart:uart_inst|uart_tx:tx_inst|c_clocks[5] ; uart:uart_inst|uart_tx:tx_inst|s_packet_reg[6]  ; clk          ; clk         ; 1.000        ; -0.038     ; 1.291      ;
; -0.342 ; uart:uart_inst|uart_tx:tx_inst|c_clocks[5] ; uart:uart_inst|uart_tx:tx_inst|s_packet_reg[7]  ; clk          ; clk         ; 1.000        ; -0.038     ; 1.291      ;
; -0.342 ; uart:uart_inst|uart_tx:tx_inst|c_clocks[5] ; uart:uart_inst|uart_tx:tx_inst|s_packet_reg[8]  ; clk          ; clk         ; 1.000        ; -0.038     ; 1.291      ;
; -0.342 ; uart:uart_inst|uart_tx:tx_inst|c_clocks[5] ; uart:uart_inst|uart_tx:tx_inst|s_packet_reg[9]  ; clk          ; clk         ; 1.000        ; -0.038     ; 1.291      ;
; -0.340 ; uart:uart_inst|uart_tx:tx_inst|c_clocks[3] ; uart:uart_inst|uart_tx:tx_inst|s_packet_reg[0]  ; clk          ; clk         ; 1.000        ; -0.038     ; 1.289      ;
; -0.340 ; uart:uart_inst|uart_tx:tx_inst|c_clocks[3] ; uart:uart_inst|uart_tx:tx_inst|s_packet_reg[1]  ; clk          ; clk         ; 1.000        ; -0.038     ; 1.289      ;
; -0.340 ; uart:uart_inst|uart_tx:tx_inst|c_clocks[3] ; uart:uart_inst|uart_tx:tx_inst|s_packet_reg[2]  ; clk          ; clk         ; 1.000        ; -0.038     ; 1.289      ;
; -0.340 ; uart:uart_inst|uart_tx:tx_inst|c_clocks[3] ; uart:uart_inst|uart_tx:tx_inst|s_packet_reg[3]  ; clk          ; clk         ; 1.000        ; -0.038     ; 1.289      ;
; -0.340 ; uart:uart_inst|uart_tx:tx_inst|c_clocks[3] ; uart:uart_inst|uart_tx:tx_inst|s_packet_reg[4]  ; clk          ; clk         ; 1.000        ; -0.038     ; 1.289      ;
; -0.340 ; uart:uart_inst|uart_tx:tx_inst|c_clocks[3] ; uart:uart_inst|uart_tx:tx_inst|s_packet_reg[5]  ; clk          ; clk         ; 1.000        ; -0.038     ; 1.289      ;
; -0.340 ; uart:uart_inst|uart_tx:tx_inst|c_clocks[3] ; uart:uart_inst|uart_tx:tx_inst|s_packet_reg[6]  ; clk          ; clk         ; 1.000        ; -0.038     ; 1.289      ;
; -0.340 ; uart:uart_inst|uart_tx:tx_inst|c_clocks[3] ; uart:uart_inst|uart_tx:tx_inst|s_packet_reg[7]  ; clk          ; clk         ; 1.000        ; -0.038     ; 1.289      ;
; -0.340 ; uart:uart_inst|uart_tx:tx_inst|c_clocks[3] ; uart:uart_inst|uart_tx:tx_inst|s_packet_reg[8]  ; clk          ; clk         ; 1.000        ; -0.038     ; 1.289      ;
; -0.340 ; uart:uart_inst|uart_tx:tx_inst|c_clocks[3] ; uart:uart_inst|uart_tx:tx_inst|s_packet_reg[9]  ; clk          ; clk         ; 1.000        ; -0.038     ; 1.289      ;
; -0.335 ; uart:uart_inst|uart_rx:rx_inst|c_clocks[5] ; uart:uart_inst|uart_rx:rx_inst|c_clocks[5]      ; clk          ; clk         ; 1.000        ; -0.036     ; 1.286      ;
; -0.335 ; uart:uart_inst|uart_rx:rx_inst|c_clocks[5] ; uart:uart_inst|uart_rx:rx_inst|c_clocks[4]      ; clk          ; clk         ; 1.000        ; -0.036     ; 1.286      ;
; -0.335 ; uart:uart_inst|uart_rx:rx_inst|c_clocks[5] ; uart:uart_inst|uart_rx:rx_inst|c_clocks[3]      ; clk          ; clk         ; 1.000        ; -0.036     ; 1.286      ;
; -0.335 ; uart:uart_inst|uart_rx:rx_inst|c_clocks[5] ; uart:uart_inst|uart_rx:rx_inst|c_clocks[0]      ; clk          ; clk         ; 1.000        ; -0.036     ; 1.286      ;
; -0.335 ; uart:uart_inst|uart_rx:rx_inst|c_clocks[5] ; uart:uart_inst|uart_rx:rx_inst|c_clocks[1]      ; clk          ; clk         ; 1.000        ; -0.036     ; 1.286      ;
; -0.335 ; uart:uart_inst|uart_rx:rx_inst|c_clocks[5] ; uart:uart_inst|uart_rx:rx_inst|c_clocks[2]      ; clk          ; clk         ; 1.000        ; -0.036     ; 1.286      ;
; -0.328 ; uart:uart_inst|uart_rx:rx_inst|c_clocks[0] ; uart:uart_inst|uart_rx:rx_inst|c_bits[2]        ; clk          ; clk         ; 1.000        ; -0.037     ; 1.278      ;
; -0.328 ; uart:uart_inst|uart_rx:rx_inst|c_clocks[0] ; uart:uart_inst|uart_rx:rx_inst|c_bits[1]        ; clk          ; clk         ; 1.000        ; -0.037     ; 1.278      ;
; -0.324 ; uart:uart_inst|uart_rx:rx_inst|c_clocks[0] ; uart:uart_inst|uart_rx:rx_inst|c_bits[0]        ; clk          ; clk         ; 1.000        ; -0.037     ; 1.274      ;
; -0.324 ; uart:uart_inst|uart_rx:rx_inst|c_clocks[1] ; uart:uart_inst|uart_rx:rx_inst|c_bits[2]        ; clk          ; clk         ; 1.000        ; -0.037     ; 1.274      ;
; -0.323 ; uart:uart_inst|uart_rx:rx_inst|c_bits[0]   ; uart:uart_inst|uart_rx:rx_inst|state.IDLE       ; clk          ; clk         ; 1.000        ; -0.036     ; 1.274      ;
; -0.323 ; uart:uart_inst|uart_rx:rx_inst|c_clocks[1] ; uart:uart_inst|uart_rx:rx_inst|c_bits[1]        ; clk          ; clk         ; 1.000        ; -0.037     ; 1.273      ;
; -0.321 ; uart:uart_inst|uart_rx:rx_inst|state.IDLE  ; uart:uart_inst|uart_rx:rx_inst|state.START      ; clk          ; clk         ; 1.000        ; -0.037     ; 1.271      ;
; -0.320 ; uart:uart_inst|uart_rx:rx_inst|c_clocks[1] ; uart:uart_inst|uart_rx:rx_inst|c_bits[0]        ; clk          ; clk         ; 1.000        ; -0.037     ; 1.270      ;
; -0.318 ; uart:uart_inst|uart_rx:rx_inst|c_bits[0]   ; uart:uart_inst|uart_rx:rx_inst|state.DATA       ; clk          ; clk         ; 1.000        ; -0.037     ; 1.268      ;
; -0.312 ; uart:uart_inst|uart_rx:rx_inst|c_clocks[5] ; uart:uart_inst|uart_rx:rx_inst|state.STOP       ; clk          ; clk         ; 1.000        ; -0.036     ; 1.263      ;
; -0.306 ; uart:uart_inst|uart_rx:rx_inst|c_clocks[2] ; uart:uart_inst|uart_rx:rx_inst|c_bits[2]        ; clk          ; clk         ; 1.000        ; -0.037     ; 1.256      ;
; -0.305 ; uart:uart_inst|uart_rx:rx_inst|c_clocks[2] ; uart:uart_inst|uart_rx:rx_inst|c_bits[1]        ; clk          ; clk         ; 1.000        ; -0.037     ; 1.255      ;
; -0.303 ; uart:uart_inst|uart_rx:rx_inst|state.DATA  ; uart:uart_inst|uart_rx:rx_inst|state.IDLE       ; clk          ; clk         ; 1.000        ; -0.036     ; 1.254      ;
; -0.302 ; uart:uart_inst|uart_rx:rx_inst|c_clocks[2] ; uart:uart_inst|uart_rx:rx_inst|c_bits[0]        ; clk          ; clk         ; 1.000        ; -0.037     ; 1.252      ;
; -0.301 ; uart:uart_inst|uart_rx:rx_inst|c_clocks[0] ; uart:uart_inst|uart_rx:rx_inst|c_clocks[5]      ; clk          ; clk         ; 1.000        ; -0.036     ; 1.252      ;
; -0.301 ; uart:uart_inst|uart_rx:rx_inst|c_clocks[0] ; uart:uart_inst|uart_rx:rx_inst|c_clocks[4]      ; clk          ; clk         ; 1.000        ; -0.036     ; 1.252      ;
; -0.301 ; uart:uart_inst|uart_rx:rx_inst|c_clocks[0] ; uart:uart_inst|uart_rx:rx_inst|c_clocks[3]      ; clk          ; clk         ; 1.000        ; -0.036     ; 1.252      ;
; -0.301 ; uart:uart_inst|uart_rx:rx_inst|c_clocks[0] ; uart:uart_inst|uart_rx:rx_inst|c_clocks[0]      ; clk          ; clk         ; 1.000        ; -0.036     ; 1.252      ;
; -0.301 ; uart:uart_inst|uart_rx:rx_inst|c_clocks[0] ; uart:uart_inst|uart_rx:rx_inst|c_clocks[1]      ; clk          ; clk         ; 1.000        ; -0.036     ; 1.252      ;
; -0.301 ; uart:uart_inst|uart_rx:rx_inst|c_clocks[0] ; uart:uart_inst|uart_rx:rx_inst|c_clocks[2]      ; clk          ; clk         ; 1.000        ; -0.036     ; 1.252      ;
; -0.301 ; uart:uart_inst|uart_rx:rx_inst|c_clocks[0] ; uart:uart_inst|uart_rx:rx_inst|state.STOP       ; clk          ; clk         ; 1.000        ; -0.036     ; 1.252      ;
+--------+--------------------------------------------+-------------------------------------------------+--------------+-------------+--------------+------------+------------+


+-------------------------------------------------------------------------------------------------------------------------------------------------------------------------------------------------------------------+
; Fast 1200mV 0C Model Hold: 'clk'                                                                                                                                                                                  ;
+-------+------------------------------------------------------------------+------------------------------------------------------------------+--------------+-------------+--------------+------------+------------+
; Slack ; From Node                                                        ; To Node                                                          ; Launch Clock ; Latch Clock ; Relationship ; Clock Skew ; Data Delay ;
+-------+------------------------------------------------------------------+------------------------------------------------------------------+--------------+-------------+--------------+------------+------------+
; 0.184 ; uart:uart_inst|uart_rx:rx_inst|shift_reg[7]                      ; uart:uart_inst|uart_rx:rx_inst|shift_reg[6]                      ; clk          ; clk         ; 0.000        ; 0.045      ; 0.313      ;
; 0.185 ; uart:uart_inst|uart_rx:rx_inst|shift_reg[1]                      ; uart:uart_inst|uart_rx:rx_inst|shift_reg[0]                      ; clk          ; clk         ; 0.000        ; 0.045      ; 0.314      ;
; 0.185 ; uart:uart_inst|uart_rx:rx_inst|shift_reg[2]                      ; uart:uart_inst|uart_rx:rx_inst|shift_reg[1]                      ; clk          ; clk         ; 0.000        ; 0.045      ; 0.314      ;
; 0.186 ; s_data[6]                                                        ; s_data[6]                                                        ; clk          ; clk         ; 0.000        ; 0.037      ; 0.307      ;
; 0.186 ; uart:uart_inst|uart_tx:tx_inst|c_bits[2]                         ; uart:uart_inst|uart_tx:tx_inst|c_bits[2]                         ; clk          ; clk         ; 0.000        ; 0.037      ; 0.307      ;
; 0.186 ; uart:uart_inst|uart_tx:tx_inst|c_bits[1]                         ; uart:uart_inst|uart_tx:tx_inst|c_bits[1]                         ; clk          ; clk         ; 0.000        ; 0.037      ; 0.307      ;
; 0.186 ; uart:uart_inst|uart_tx:tx_inst|c_bits[0]                         ; uart:uart_inst|uart_tx:tx_inst|c_bits[0]                         ; clk          ; clk         ; 0.000        ; 0.037      ; 0.307      ;
; 0.186 ; uart:uart_inst|uart_tx:tx_inst|c_bits[3]                         ; uart:uart_inst|uart_tx:tx_inst|c_bits[3]                         ; clk          ; clk         ; 0.000        ; 0.037      ; 0.307      ;
; 0.186 ; mode                                                             ; mode                                                             ; clk          ; clk         ; 0.000        ; 0.037      ; 0.307      ;
; 0.186 ; sym_bit                                                          ; sym_bit                                                          ; clk          ; clk         ; 0.000        ; 0.037      ; 0.307      ;
; 0.186 ; uart:uart_inst|uart_rx:rx_inst|m_data[0]                         ; uart:uart_inst|uart_rx:rx_inst|m_data[0]                         ; clk          ; clk         ; 0.000        ; 0.037      ; 0.307      ;
; 0.186 ; uart:uart_inst|uart_rx:rx_inst|shift_reg[5]                      ; uart:uart_inst|uart_rx:rx_inst|shift_reg[4]                      ; clk          ; clk         ; 0.000        ; 0.045      ; 0.315      ;
; 0.186 ; uart:uart_inst|uart_rx:rx_inst|state.DATA                        ; uart:uart_inst|uart_rx:rx_inst|state.DATA                        ; clk          ; clk         ; 0.000        ; 0.037      ; 0.307      ;
; 0.186 ; uart:uart_inst|uart_rx:rx_inst|state.START                       ; uart:uart_inst|uart_rx:rx_inst|state.START                       ; clk          ; clk         ; 0.000        ; 0.037      ; 0.307      ;
; 0.186 ; uart:uart_inst|uart_rx:rx_inst|state.IDLE                        ; uart:uart_inst|uart_rx:rx_inst|state.IDLE                        ; clk          ; clk         ; 0.000        ; 0.037      ; 0.307      ;
; 0.186 ; uart:uart_inst|uart_rx:rx_inst|c_bits[0]                         ; uart:uart_inst|uart_rx:rx_inst|c_bits[0]                         ; clk          ; clk         ; 0.000        ; 0.037      ; 0.307      ;
; 0.186 ; uart:uart_inst|uart_rx:rx_inst|c_bits[2]                         ; uart:uart_inst|uart_rx:rx_inst|c_bits[2]                         ; clk          ; clk         ; 0.000        ; 0.037      ; 0.307      ;
; 0.186 ; uart:uart_inst|uart_rx:rx_inst|c_bits[1]                         ; uart:uart_inst|uart_rx:rx_inst|c_bits[1]                         ; clk          ; clk         ; 0.000        ; 0.037      ; 0.307      ;
; 0.187 ; uart:uart_inst|uart_rx:rx_inst|state.STOP                        ; uart:uart_inst|uart_rx:rx_inst|state.STOP                        ; clk          ; clk         ; 0.000        ; 0.036      ; 0.307      ;
; 0.193 ; sequence_detector_0110:u_no_overlap|current_state.S01            ; sequence_detector_0110:u_no_overlap|current_state.S011           ; clk          ; clk         ; 0.000        ; 0.037      ; 0.314      ;
; 0.195 ; mode_in_q                                                        ; mode                                                             ; clk          ; clk         ; 0.000        ; 0.037      ; 0.316      ;
; 0.204 ; uart:uart_inst|uart_tx:tx_inst|c_clocks[5]                       ; uart:uart_inst|uart_tx:tx_inst|c_clocks[5]                       ; clk          ; clk         ; 0.000        ; 0.037      ; 0.325      ;
; 0.216 ; overlapping_sequence_detector_0110:u_overlap|current_state.S0110 ; overlapping_sequence_detector_0110:u_overlap|current_state.S01   ; clk          ; clk         ; 0.000        ; 0.037      ; 0.337      ;
; 0.220 ; sym_bit                                                          ; sequence_detector_0110:u_no_overlap|current_state.S01            ; clk          ; clk         ; 0.000        ; 0.037      ; 0.341      ;
; 0.220 ; sym_bit                                                          ; overlapping_sequence_detector_0110:u_overlap|current_state.S011  ; clk          ; clk         ; 0.000        ; 0.037      ; 0.341      ;
; 0.222 ; uart:uart_inst|uart_tx:tx_inst|state                             ; uart:uart_inst|uart_tx:tx_inst|s_packet_reg[11]                  ; clk          ; clk         ; 0.000        ; 0.037      ; 0.343      ;
; 0.225 ; sym_bit                                                          ; sequence_detector_0110:u_no_overlap|current_state.S0             ; clk          ; clk         ; 0.000        ; 0.037      ; 0.346      ;
; 0.225 ; sym_bit                                                          ; overlapping_sequence_detector_0110:u_overlap|current_state.S0    ; clk          ; clk         ; 0.000        ; 0.037      ; 0.346      ;
; 0.227 ; sym_bit                                                          ; sequence_detector_0110:u_no_overlap|current_state.S0110          ; clk          ; clk         ; 0.000        ; 0.037      ; 0.348      ;
; 0.228 ; sym_bit                                                          ; overlapping_sequence_detector_0110:u_overlap|current_state.S0110 ; clk          ; clk         ; 0.000        ; 0.037      ; 0.349      ;
; 0.244 ; uart:uart_inst|uart_rx:rx_inst|shift_reg[4]                      ; uart:uart_inst|uart_rx:rx_inst|shift_reg[3]                      ; clk          ; clk         ; 0.000        ; 0.045      ; 0.373      ;
; 0.245 ; uart:uart_inst|uart_rx:rx_inst|shift_reg[3]                      ; uart:uart_inst|uart_rx:rx_inst|shift_reg[2]                      ; clk          ; clk         ; 0.000        ; 0.045      ; 0.374      ;
; 0.253 ; uart:uart_inst|uart_tx:tx_inst|s_packet_reg[11]                  ; uart:uart_inst|uart_tx:tx_inst|s_packet_reg[10]                  ; clk          ; clk         ; 0.000        ; 0.037      ; 0.374      ;
; 0.253 ; overlapping_sequence_detector_0110:u_overlap|current_state.S01   ; overlapping_sequence_detector_0110:u_overlap|current_state.S011  ; clk          ; clk         ; 0.000        ; 0.037      ; 0.374      ;
; 0.253 ; uart:uart_inst|uart_tx:tx_inst|s_packet_reg[12]                  ; uart:uart_inst|uart_tx:tx_inst|s_packet_reg[11]                  ; clk          ; clk         ; 0.000        ; 0.037      ; 0.374      ;
; 0.254 ; uart:uart_inst|uart_rx:rx_inst|shift_reg[6]                      ; uart:uart_inst|uart_rx:rx_inst|shift_reg[5]                      ; clk          ; clk         ; 0.000        ; 0.045      ; 0.383      ;
; 0.257 ; sequence_detector_0110:u_no_overlap|current_state.S011           ; sequence_detector_0110:u_no_overlap|current_state.S0             ; clk          ; clk         ; 0.000        ; 0.037      ; 0.378      ;
; 0.259 ; sequence_detector_0110:u_no_overlap|current_state.S011           ; sequence_detector_0110:u_no_overlap|current_state.S0110          ; clk          ; clk         ; 0.000        ; 0.037      ; 0.380      ;
; 0.282 ; uart:uart_inst|uart_rx:rx_inst|c_clocks[3]                       ; uart:uart_inst|uart_rx:rx_inst|m_valid                           ; clk          ; clk         ; 0.000        ; 0.036      ; 0.402      ;
; 0.292 ; uart:uart_inst|uart_tx:tx_inst|s_packet_reg[1]                   ; uart:uart_inst|uart_tx:tx_inst|s_packet_reg[0]                   ; clk          ; clk         ; 0.000        ; 0.037      ; 0.413      ;
; 0.293 ; uart:uart_inst|uart_tx:tx_inst|s_packet_reg[5]                   ; uart:uart_inst|uart_tx:tx_inst|s_packet_reg[4]                   ; clk          ; clk         ; 0.000        ; 0.037      ; 0.414      ;
; 0.293 ; uart:uart_inst|uart_tx:tx_inst|s_packet_reg[7]                   ; uart:uart_inst|uart_tx:tx_inst|s_packet_reg[6]                   ; clk          ; clk         ; 0.000        ; 0.037      ; 0.414      ;
; 0.294 ; uart:uart_inst|uart_tx:tx_inst|s_packet_reg[6]                   ; uart:uart_inst|uart_tx:tx_inst|s_packet_reg[5]                   ; clk          ; clk         ; 0.000        ; 0.037      ; 0.415      ;
; 0.294 ; sequence_detector_0110:u_no_overlap|current_state.S0             ; sequence_detector_0110:u_no_overlap|current_state.S01            ; clk          ; clk         ; 0.000        ; 0.037      ; 0.415      ;
; 0.295 ; uart:uart_inst|uart_tx:tx_inst|s_packet_reg[2]                   ; uart:uart_inst|uart_tx:tx_inst|s_packet_reg[1]                   ; clk          ; clk         ; 0.000        ; 0.037      ; 0.416      ;
; 0.295 ; uart:uart_inst|uart_tx:tx_inst|s_packet_reg[3]                   ; uart:uart_inst|uart_tx:tx_inst|s_packet_reg[2]                   ; clk          ; clk         ; 0.000        ; 0.037      ; 0.416      ;
; 0.297 ; uart:uart_inst|uart_tx:tx_inst|s_packet_reg[9]                   ; uart:uart_inst|uart_tx:tx_inst|s_packet_reg[8]                   ; clk          ; clk         ; 0.000        ; 0.037      ; 0.418      ;
; 0.297 ; uart:uart_inst|uart_rx:rx_inst|state.STOP                        ; uart:uart_inst|uart_rx:rx_inst|m_valid                           ; clk          ; clk         ; 0.000        ; 0.036      ; 0.417      ;
; 0.298 ; uart:uart_inst|uart_tx:tx_inst|state                             ; s_valid                                                          ; clk          ; clk         ; 0.000        ; 0.037      ; 0.419      ;
; 0.302 ; uart:uart_inst|uart_rx:rx_inst|c_clocks[4]                       ; uart:uart_inst|uart_rx:rx_inst|c_clocks[4]                       ; clk          ; clk         ; 0.000        ; 0.036      ; 0.422      ;
; 0.304 ; uart:uart_inst|uart_rx:rx_inst|c_clocks[1]                       ; uart:uart_inst|uart_rx:rx_inst|c_clocks[1]                       ; clk          ; clk         ; 0.000        ; 0.036      ; 0.424      ;
; 0.309 ; uart:uart_inst|uart_tx:tx_inst|c_bits[0]                         ; uart:uart_inst|uart_tx:tx_inst|c_bits[1]                         ; clk          ; clk         ; 0.000        ; 0.037      ; 0.430      ;
; 0.312 ; uart:uart_inst|uart_rx:rx_inst|c_clocks[2]                       ; uart:uart_inst|uart_rx:rx_inst|c_clocks[2]                       ; clk          ; clk         ; 0.000        ; 0.036      ; 0.432      ;
; 0.315 ; overlapping_sequence_detector_0110:u_overlap|current_state.S0    ; overlapping_sequence_detector_0110:u_overlap|current_state.S01   ; clk          ; clk         ; 0.000        ; 0.037      ; 0.436      ;
; 0.316 ; uart:uart_inst|uart_tx:tx_inst|c_clocks[0]                       ; uart:uart_inst|uart_tx:tx_inst|c_clocks[0]                       ; clk          ; clk         ; 0.000        ; 0.037      ; 0.437      ;
; 0.316 ; uart:uart_inst|uart_tx:tx_inst|c_clocks[4]                       ; uart:uart_inst|uart_tx:tx_inst|c_clocks[4]                       ; clk          ; clk         ; 0.000        ; 0.037      ; 0.437      ;
; 0.317 ; uart:uart_inst|uart_rx:rx_inst|c_clocks[5]                       ; uart:uart_inst|uart_rx:rx_inst|c_clocks[5]                       ; clk          ; clk         ; 0.000        ; 0.036      ; 0.437      ;
; 0.317 ; uart:uart_inst|uart_rx:rx_inst|c_clocks[0]                       ; uart:uart_inst|uart_rx:rx_inst|c_clocks[0]                       ; clk          ; clk         ; 0.000        ; 0.036      ; 0.437      ;
; 0.319 ; uart:uart_inst|uart_rx:rx_inst|c_clocks[3]                       ; uart:uart_inst|uart_rx:rx_inst|c_clocks[3]                       ; clk          ; clk         ; 0.000        ; 0.036      ; 0.439      ;
; 0.322 ; overlapping_sequence_detector_0110:u_overlap|current_state.S011  ; overlapping_sequence_detector_0110:u_overlap|current_state.S0110 ; clk          ; clk         ; 0.000        ; 0.037      ; 0.443      ;
; 0.323 ; sym_bit                                                          ; sequence_detector_0110:u_no_overlap|current_state.S011           ; clk          ; clk         ; 0.000        ; 0.037      ; 0.444      ;
; 0.324 ; uart:uart_inst|uart_tx:tx_inst|state                             ; uart:uart_inst|uart_tx:tx_inst|c_bits[0]                         ; clk          ; clk         ; 0.000        ; 0.037      ; 0.445      ;
; 0.324 ; uart:uart_inst|uart_tx:tx_inst|state                             ; uart:uart_inst|uart_tx:tx_inst|c_bits[3]                         ; clk          ; clk         ; 0.000        ; 0.037      ; 0.445      ;
; 0.325 ; sym_bit                                                          ; overlapping_sequence_detector_0110:u_overlap|current_state.S01   ; clk          ; clk         ; 0.000        ; 0.037      ; 0.446      ;
; 0.325 ; uart:uart_inst|uart_rx:rx_inst|c_clocks[5]                       ; uart:uart_inst|uart_rx:rx_inst|m_valid                           ; clk          ; clk         ; 0.000        ; 0.036      ; 0.445      ;
; 0.332 ; uart:uart_inst|uart_rx:rx_inst|c_bits[0]                         ; uart:uart_inst|uart_rx:rx_inst|c_bits[1]                         ; clk          ; clk         ; 0.000        ; 0.037      ; 0.453      ;
; 0.332 ; overlapping_sequence_detector_0110:u_overlap|current_state.S011  ; overlapping_sequence_detector_0110:u_overlap|current_state.S0    ; clk          ; clk         ; 0.000        ; 0.037      ; 0.453      ;
; 0.335 ; mode                                                             ; s_valid                                                          ; clk          ; clk         ; 0.000        ; 0.037      ; 0.456      ;
; 0.341 ; uart:uart_inst|uart_rx:rx_inst|state.DATA                        ; uart:uart_inst|uart_rx:rx_inst|c_bits[2]                         ; clk          ; clk         ; 0.000        ; 0.037      ; 0.462      ;
; 0.345 ; uart:uart_inst|uart_tx:tx_inst|state                             ; uart:uart_inst|uart_tx:tx_inst|s_packet_reg[12]                  ; clk          ; clk         ; 0.000        ; 0.037      ; 0.466      ;
; 0.345 ; uart:uart_inst|uart_tx:tx_inst|state                             ; uart:uart_inst|uart_tx:tx_inst|s_packet_reg[10]                  ; clk          ; clk         ; 0.000        ; 0.037      ; 0.466      ;
; 0.347 ; uart:uart_inst|uart_rx:rx_inst|state.DATA                        ; uart:uart_inst|uart_rx:rx_inst|c_bits[1]                         ; clk          ; clk         ; 0.000        ; 0.037      ; 0.468      ;
; 0.351 ; uart:uart_inst|uart_rx:rx_inst|state.DATA                        ; uart:uart_inst|uart_rx:rx_inst|c_bits[0]                         ; clk          ; clk         ; 0.000        ; 0.037      ; 0.472      ;
; 0.361 ; uart:uart_inst|uart_tx:tx_inst|s_packet_reg[4]                   ; uart:uart_inst|uart_tx:tx_inst|s_packet_reg[3]                   ; clk          ; clk         ; 0.000        ; 0.037      ; 0.482      ;
; 0.363 ; uart:uart_inst|uart_tx:tx_inst|s_packet_reg[8]                   ; uart:uart_inst|uart_tx:tx_inst|s_packet_reg[7]                   ; clk          ; clk         ; 0.000        ; 0.037      ; 0.484      ;
; 0.374 ; uart:uart_inst|uart_tx:tx_inst|c_clocks[1]                       ; uart:uart_inst|uart_tx:tx_inst|c_clocks[1]                       ; clk          ; clk         ; 0.000        ; 0.037      ; 0.495      ;
; 0.375 ; uart:uart_inst|uart_rx:rx_inst|c_clocks[4]                       ; uart:uart_inst|uart_rx:rx_inst|m_valid                           ; clk          ; clk         ; 0.000        ; 0.036      ; 0.495      ;
; 0.377 ; uart:uart_inst|uart_tx:tx_inst|c_clocks[3]                       ; uart:uart_inst|uart_tx:tx_inst|c_clocks[3]                       ; clk          ; clk         ; 0.000        ; 0.037      ; 0.498      ;
; 0.379 ; uart:uart_inst|uart_tx:tx_inst|c_bits[3]                         ; uart:uart_inst|uart_tx:tx_inst|s_packet_reg[12]                  ; clk          ; clk         ; 0.000        ; 0.037      ; 0.500      ;
; 0.379 ; uart:uart_inst|uart_tx:tx_inst|c_clocks[2]                       ; uart:uart_inst|uart_tx:tx_inst|c_clocks[2]                       ; clk          ; clk         ; 0.000        ; 0.037      ; 0.500      ;
; 0.380 ; uart:uart_inst|uart_tx:tx_inst|c_bits[3]                         ; uart:uart_inst|uart_tx:tx_inst|s_packet_reg[10]                  ; clk          ; clk         ; 0.000        ; 0.037      ; 0.501      ;
; 0.398 ; uart:uart_inst|uart_tx:tx_inst|state                             ; uart:uart_inst|uart_tx:tx_inst|c_bits[2]                         ; clk          ; clk         ; 0.000        ; 0.037      ; 0.519      ;
; 0.398 ; uart:uart_inst|uart_tx:tx_inst|state                             ; uart:uart_inst|uart_tx:tx_inst|c_bits[1]                         ; clk          ; clk         ; 0.000        ; 0.037      ; 0.519      ;
; 0.415 ; s_data[6]                                                        ; uart:uart_inst|uart_tx:tx_inst|s_packet_reg[7]                   ; clk          ; clk         ; 0.000        ; 0.036      ; 0.535      ;
; 0.415 ; uart:uart_inst|uart_tx:tx_inst|state                             ; uart:uart_inst|uart_tx:tx_inst|s_packet_reg[7]                   ; clk          ; clk         ; 0.000        ; 0.036      ; 0.535      ;
; 0.416 ; uart:uart_inst|uart_tx:tx_inst|state                             ; uart:uart_inst|uart_tx:tx_inst|s_packet_reg[3]                   ; clk          ; clk         ; 0.000        ; 0.036      ; 0.536      ;
; 0.417 ; s_data[6]                                                        ; uart:uart_inst|uart_tx:tx_inst|s_packet_reg[3]                   ; clk          ; clk         ; 0.000        ; 0.036      ; 0.537      ;
; 0.417 ; uart:uart_inst|uart_tx:tx_inst|state                             ; uart:uart_inst|uart_tx:tx_inst|s_packet_reg[9]                   ; clk          ; clk         ; 0.000        ; 0.036      ; 0.537      ;
; 0.419 ; uart:uart_inst|uart_tx:tx_inst|state                             ; uart:uart_inst|uart_tx:tx_inst|s_packet_reg[1]                   ; clk          ; clk         ; 0.000        ; 0.036      ; 0.539      ;
; 0.419 ; uart:uart_inst|uart_tx:tx_inst|state                             ; uart:uart_inst|uart_tx:tx_inst|s_packet_reg[2]                   ; clk          ; clk         ; 0.000        ; 0.036      ; 0.539      ;
; 0.419 ; uart:uart_inst|uart_tx:tx_inst|state                             ; uart:uart_inst|uart_tx:tx_inst|s_packet_reg[0]                   ; clk          ; clk         ; 0.000        ; 0.036      ; 0.539      ;
; 0.419 ; uart:uart_inst|uart_tx:tx_inst|state                             ; uart:uart_inst|uart_tx:tx_inst|s_packet_reg[8]                   ; clk          ; clk         ; 0.000        ; 0.036      ; 0.539      ;
; 0.420 ; uart:uart_inst|uart_tx:tx_inst|state                             ; uart:uart_inst|uart_tx:tx_inst|s_packet_reg[5]                   ; clk          ; clk         ; 0.000        ; 0.036      ; 0.540      ;
; 0.420 ; uart:uart_inst|uart_tx:tx_inst|state                             ; uart:uart_inst|uart_tx:tx_inst|s_packet_reg[4]                   ; clk          ; clk         ; 0.000        ; 0.036      ; 0.540      ;
; 0.420 ; uart:uart_inst|uart_tx:tx_inst|state                             ; uart:uart_inst|uart_tx:tx_inst|s_packet_reg[6]                   ; clk          ; clk         ; 0.000        ; 0.036      ; 0.540      ;
; 0.425 ; sequence_detector_0110:u_no_overlap|current_state.S0110          ; s_valid                                                          ; clk          ; clk         ; 0.000        ; 0.036      ; 0.545      ;
; 0.453 ; uart:uart_inst|uart_rx:rx_inst|c_clocks[1]                       ; uart:uart_inst|uart_rx:rx_inst|c_clocks[2]                       ; clk          ; clk         ; 0.000        ; 0.036      ; 0.573      ;
; 0.456 ; uart:uart_inst|uart_rx:rx_inst|m_data[0]                         ; sym_bit                                                          ; clk          ; clk         ; 0.000        ; 0.039      ; 0.579      ;
; 0.460 ; uart:uart_inst|uart_rx:rx_inst|c_clocks[4]                       ; uart:uart_inst|uart_rx:rx_inst|c_clocks[5]                       ; clk          ; clk         ; 0.000        ; 0.036      ; 0.580      ;
; 0.463 ; uart:uart_inst|uart_tx:tx_inst|c_clocks[0]                       ; uart:uart_inst|uart_tx:tx_inst|c_clocks[1]                       ; clk          ; clk         ; 0.000        ; 0.037      ; 0.584      ;
+-------+------------------------------------------------------------------+------------------------------------------------------------------+--------------+-------------+--------------+------------+------------+


----------------------------------------------
; Fast 1200mV 0C Model Metastability Summary ;
----------------------------------------------
The design MTBF is not calculated because there are no specified synchronizers in the design.
Number of Synchronizer Chains Found: 1
Shortest Synchronizer Chain: 10 Registers
Fraction of Chains for which MTBFs Could Not be Calculated: 1.000
Worst Case Available Settling Time: 4.353 ns




+-------------------------------------------------------------------------------+
; Multicorner Timing Analysis Summary                                           ;
+------------------+---------+-------+----------+---------+---------------------+
; Clock            ; Setup   ; Hold  ; Recovery ; Removal ; Minimum Pulse Width ;
+------------------+---------+-------+----------+---------+---------------------+
; Worst-case Slack ; -1.869  ; 0.184 ; N/A      ; N/A     ; -3.000              ;
;  clk             ; -1.869  ; 0.184 ; N/A      ; N/A     ; -3.000              ;
; Design-wide TNS  ; -71.999 ; 0.0   ; 0.0      ; 0.0     ; -67.567             ;
;  clk             ; -71.999 ; 0.000 ; N/A      ; N/A     ; -67.567             ;
+------------------+---------+-------+----------+---------+---------------------+


+--------------------------------------------------------------------------------------------------------------------------------------------------------------------------------------------------------------------------------------------------------------------------------------------------------------------------------------------------------------------------------------------------------------------+
; Board Trace Model Assignments                                                                                                                                                                                                                                                                                                                                                                                      ;
+-----------------+--------------+-------------------+-------------------------+-------------------------+---------------+---------------------+----------------+------------------+--------+------------------+------------------------+------------------------+--------------+---------------+-----------------+-------+---------------------+--------------------+---------------+-----------------+-------------+
; Pin             ; I/O Standard ; Near Tline Length ; Near Tline L per Length ; Near Tline C per Length ; Near Series R ; Near Differential R ; Near Pull-up R ; Near Pull-down R ; Near C ; Far Tline Length ; Far Tline L per Length ; Far Tline C per Length ; Far Series R ; Far Pull-up R ; Far Pull-down R ; Far C ; Termination Voltage ; Far Differential R ; EBD File Name ; EBD Signal Name ; EBD Far-end ;
+-----------------+--------------+-------------------+-------------------------+-------------------------+---------------+---------------------+----------------+------------------+--------+------------------+------------------------+------------------------+--------------+---------------+-----------------+-------+---------------------+--------------------+---------------+-----------------+-------------+
; tx              ; 2.5 V        ; 0 in              ; 0 H/in                  ; 0 F/in                  ; short         ; -                   ; open           ; open             ; open   ; 0 in             ; 0 H/in                 ; 0 F/in                 ; short        ; open          ; open            ; open  ; 0 V                 ; -                  ; n/a           ; n/a             ; n/a         ;
; led_detected[0] ; 2.5 V        ; 0 in              ; 0 H/in                  ; 0 F/in                  ; short         ; -                   ; open           ; open             ; open   ; 0 in             ; 0 H/in                 ; 0 F/in                 ; short        ; open          ; open            ; open  ; 0 V                 ; -                  ; n/a           ; n/a             ; n/a         ;
; led_detected[1] ; 2.5 V        ; 0 in              ; 0 H/in                  ; 0 F/in                  ; short         ; -                   ; open           ; open             ; open   ; 0 in             ; 0 H/in                 ; 0 F/in                 ; short        ; open          ; open            ; open  ; 0 V                 ; -                  ; n/a           ; n/a             ; n/a         ;
; led_detected[2] ; 2.5 V        ; 0 in              ; 0 H/in                  ; 0 F/in                  ; short         ; -                   ; open           ; open             ; open   ; 0 in             ; 0 H/in                 ; 0 F/in                 ; short        ; open          ; open            ; open  ; 0 V                 ; -                  ; n/a           ; n/a             ; n/a         ;
; led_detected[3] ; 2.5 V        ; 0 in              ; 0 H/in                  ; 0 F/in                  ; short         ; -                   ; open           ; open             ; open   ; 0 in             ; 0 H/in                 ; 0 F/in                 ; short        ; open          ; open            ; open  ; 0 V                 ; -                  ; n/a           ; n/a             ; n/a         ;
; led_detected[4] ; 2.5 V        ; 0 in              ; 0 H/in                  ; 0 F/in                  ; short         ; -                   ; open           ; open             ; open   ; 0 in             ; 0 H/in                 ; 0 F/in                 ; short        ; open          ; open            ; open  ; 0 V                 ; -                  ; n/a           ; n/a             ; n/a         ;
; led_detected[5] ; 2.5 V        ; 0 in              ; 0 H/in                  ; 0 F/in                  ; short         ; -                   ; open           ; open             ; open   ; 0 in             ; 0 H/in                 ; 0 F/in                 ; short        ; open          ; open            ; open  ; 0 V                 ; -                  ; n/a           ; n/a             ; n/a         ;
; led_detected[6] ; 2.5 V        ; 0 in              ; 0 H/in                  ; 0 F/in                  ; short         ; -                   ; open           ; open             ; open   ; 0 in             ; 0 H/in                 ; 0 F/in                 ; short        ; open          ; open            ; open  ; 0 V                 ; -                  ; n/a           ; n/a             ; n/a         ;
; led_detected[7] ; 2.5 V        ; 0 in              ; 0 H/in                  ; 0 F/in                  ; short         ; -                   ; open           ; open             ; open   ; 0 in             ; 0 H/in                 ; 0 F/in                 ; short        ; open          ; open            ; open  ; 0 V                 ; -                  ; n/a           ; n/a             ; n/a         ;
; ~ALTERA_DCLK~   ; 2.5 V        ; 0 in              ; 0 H/in                  ; 0 F/in                  ; short         ; -                   ; open           ; open             ; open   ; 0 in             ; 0 H/in                 ; 0 F/in                 ; short        ; open          ; open            ; open  ; 0 V                 ; -                  ; n/a           ; n/a             ; n/a         ;
; ~ALTERA_nCEO~   ; 2.5 V        ; 0 in              ; 0 H/in                  ; 0 F/in                  ; short         ; -                   ; open           ; open             ; open   ; 0 in             ; 0 H/in                 ; 0 F/in                 ; short        ; open          ; open            ; open  ; 0 V                 ; -                  ; n/a           ; n/a             ; n/a         ;
+-----------------+--------------+-------------------+-------------------------+-------------------------+---------------+---------------------+----------------+------------------+--------+------------------+------------------------+------------------------+--------------+---------------+-----------------+-------+---------------------+--------------------+---------------+-----------------+-------------+


+----------------------------------------------------------------------------+
; Input Transition Times                                                     ;
+-------------------------+--------------+-----------------+-----------------+
; Pin                     ; I/O Standard ; 10-90 Rise Time ; 90-10 Fall Time ;
+-------------------------+--------------+-----------------+-----------------+
; clk                     ; 2.5 V        ; 2000 ps         ; 2000 ps         ;
; rstn                    ; 2.5 V        ; 2000 ps         ; 2000 ps         ;
; mode_in                 ; 2.5 V        ; 2000 ps         ; 2000 ps         ;
; rx                      ; 2.5 V        ; 2000 ps         ; 2000 ps         ;
; ~ALTERA_ASDO_DATA1~     ; 2.5 V        ; 2000 ps         ; 2000 ps         ;
; ~ALTERA_FLASH_nCE_nCSO~ ; 2.5 V        ; 2000 ps         ; 2000 ps         ;
; ~ALTERA_DATA0~          ; 2.5 V        ; 2000 ps         ; 2000 ps         ;
+-------------------------+--------------+-----------------+-----------------+


+----------------------------------------------------------------------------------------------------------------------------------------------------------------------------------------------------------------------------------------------------------------------------------------------------------------------------------------------------------------------------------------------------------------------------------------------------------------------------------------------------------------------------------------------------------------------------------------------------------------------------------------------------------------------------------------------+
; Signal Integrity Metrics (Slow 1200mv 0c Model)                                                                                                                                                                                                                                                                                                                                                                                                                                                                                                                                                                                                                                              ;
+-----------------+--------------+---------------------+---------------------+------------------------------+------------------------------+---------------------+---------------------+--------------------------------------+--------------------------------------+-----------------------------+-----------------------------+----------------------------+----------------------------+-----------------------------+-----------------------------+--------------------+--------------------+-------------------------------------+-------------------------------------+----------------------------+----------------------------+---------------------------+---------------------------+
; Pin             ; I/O Standard ; Board Delay on Rise ; Board Delay on Fall ; Steady State Voh at FPGA Pin ; Steady State Vol at FPGA Pin ; Voh Max at FPGA Pin ; Vol Min at FPGA Pin ; Ringback Voltage on Rise at FPGA Pin ; Ringback Voltage on Fall at FPGA Pin ; 10-90 Rise Time at FPGA Pin ; 90-10 Fall Time at FPGA Pin ; Monotonic Rise at FPGA Pin ; Monotonic Fall at FPGA Pin ; Steady State Voh at Far-end ; Steady State Vol at Far-end ; Voh Max at Far-end ; Vol Min at Far-end ; Ringback Voltage on Rise at Far-end ; Ringback Voltage on Fall at Far-end ; 10-90 Rise Time at Far-end ; 90-10 Fall Time at Far-end ; Monotonic Rise at Far-end ; Monotonic Fall at Far-end ;
+-----------------+--------------+---------------------+---------------------+------------------------------+------------------------------+---------------------+---------------------+--------------------------------------+--------------------------------------+-----------------------------+-----------------------------+----------------------------+----------------------------+-----------------------------+-----------------------------+--------------------+--------------------+-------------------------------------+-------------------------------------+----------------------------+----------------------------+---------------------------+---------------------------+
; tx              ; 2.5 V        ; 0 s                 ; 0 s                 ; 2.32 V                       ; 5.95e-09 V                   ; 2.38 V              ; -0.016 V            ; 0.22 V                               ; 0.025 V                              ; 3.06e-10 s                  ; 3.3e-10 s                   ; Yes                        ; Yes                        ; 2.32 V                      ; 5.95e-09 V                  ; 2.38 V             ; -0.016 V           ; 0.22 V                              ; 0.025 V                             ; 3.06e-10 s                 ; 3.3e-10 s                  ; Yes                       ; Yes                       ;
; led_detected[0] ; 2.5 V        ; 0 s                 ; 0 s                 ; 2.32 V                       ; 5.95e-09 V                   ; 2.38 V              ; -0.016 V            ; 0.22 V                               ; 0.025 V                              ; 3.06e-10 s                  ; 3.3e-10 s                   ; Yes                        ; Yes                        ; 2.32 V                      ; 5.95e-09 V                  ; 2.38 V             ; -0.016 V           ; 0.22 V                              ; 0.025 V                             ; 3.06e-10 s                 ; 3.3e-10 s                  ; Yes                       ; Yes                       ;
; led_detected[1] ; 2.5 V        ; 0 s                 ; 0 s                 ; 2.32 V                       ; 5.95e-09 V                   ; 2.38 V              ; -0.016 V            ; 0.22 V                               ; 0.025 V                              ; 3.06e-10 s                  ; 3.3e-10 s                   ; Yes                        ; Yes                        ; 2.32 V                      ; 5.95e-09 V                  ; 2.38 V             ; -0.016 V           ; 0.22 V                              ; 0.025 V                             ; 3.06e-10 s                 ; 3.3e-10 s                  ; Yes                       ; Yes                       ;
; led_detected[2] ; 2.5 V        ; 0 s                 ; 0 s                 ; 2.32 V                       ; 5.95e-09 V                   ; 2.38 V              ; -0.016 V            ; 0.22 V                               ; 0.025 V                              ; 3.06e-10 s                  ; 3.3e-10 s                   ; Yes                        ; Yes                        ; 2.32 V                      ; 5.95e-09 V                  ; 2.38 V             ; -0.016 V           ; 0.22 V                              ; 0.025 V                             ; 3.06e-10 s                 ; 3.3e-10 s                  ; Yes                       ; Yes                       ;
; led_detected[3] ; 2.5 V        ; 0 s                 ; 0 s                 ; 2.32 V                       ; 5.95e-09 V                   ; 2.38 V              ; -0.016 V            ; 0.22 V                               ; 0.025 V                              ; 3.06e-10 s                  ; 3.3e-10 s                   ; Yes                        ; Yes                        ; 2.32 V                      ; 5.95e-09 V                  ; 2.38 V             ; -0.016 V           ; 0.22 V                              ; 0.025 V                             ; 3.06e-10 s                 ; 3.3e-10 s                  ; Yes                       ; Yes                       ;
; led_detected[4] ; 2.5 V        ; 0 s                 ; 0 s                 ; 2.32 V                       ; 4.44e-09 V                   ; 2.38 V              ; -0.0145 V           ; 0.169 V                              ; 0.026 V                              ; 4.83e-10 s                  ; 4.71e-10 s                  ; Yes                        ; Yes                        ; 2.32 V                      ; 4.44e-09 V                  ; 2.38 V             ; -0.0145 V          ; 0.169 V                             ; 0.026 V                             ; 4.83e-10 s                 ; 4.71e-10 s                 ; Yes                       ; Yes                       ;
; led_detected[5] ; 2.5 V        ; 0 s                 ; 0 s                 ; 2.32 V                       ; 4.44e-09 V                   ; 2.33 V              ; -0.00624 V          ; 0.185 V                              ; 0.097 V                              ; 2.82e-09 s                  ; 2.56e-09 s                  ; No                         ; Yes                        ; 2.32 V                      ; 4.44e-09 V                  ; 2.33 V             ; -0.00624 V         ; 0.185 V                             ; 0.097 V                             ; 2.82e-09 s                 ; 2.56e-09 s                 ; No                        ; Yes                       ;
; led_detected[6] ; 2.5 V        ; 0 s                 ; 0 s                 ; 2.32 V                       ; 4.44e-09 V                   ; 2.39 V              ; -0.0265 V           ; 0.2 V                                ; 0.033 V                              ; 2.94e-10 s                  ; 3.12e-10 s                  ; Yes                        ; Yes                        ; 2.32 V                      ; 4.44e-09 V                  ; 2.39 V             ; -0.0265 V          ; 0.2 V                               ; 0.033 V                             ; 2.94e-10 s                 ; 3.12e-10 s                 ; Yes                       ; Yes                       ;
; led_detected[7] ; 2.5 V        ; 0 s                 ; 0 s                 ; 2.32 V                       ; 4.44e-09 V                   ; 2.33 V              ; -0.00624 V          ; 0.185 V                              ; 0.097 V                              ; 2.82e-09 s                  ; 2.56e-09 s                  ; No                         ; Yes                        ; 2.32 V                      ; 4.44e-09 V                  ; 2.33 V             ; -0.00624 V         ; 0.185 V                             ; 0.097 V                             ; 2.82e-09 s                 ; 2.56e-09 s                 ; No                        ; Yes                       ;
; ~ALTERA_DCLK~   ; 2.5 V        ; 0 s                 ; 0 s                 ; 2.32 V                       ; 3.45e-09 V                   ; 2.38 V              ; -0.0609 V           ; 0.148 V                              ; 0.095 V                              ; 2.82e-10 s                  ; 2.59e-10 s                  ; Yes                        ; Yes                        ; 2.32 V                      ; 3.45e-09 V                  ; 2.38 V             ; -0.0609 V          ; 0.148 V                             ; 0.095 V                             ; 2.82e-10 s                 ; 2.59e-10 s                 ; Yes                       ; Yes                       ;
; ~ALTERA_nCEO~   ; 2.5 V        ; 0 s                 ; 0 s                 ; 2.32 V                       ; 5.61e-09 V                   ; 2.38 V              ; -0.00274 V          ; 0.141 V                              ; 0.006 V                              ; 4.7e-10 s                   ; 6.02e-10 s                  ; Yes                        ; Yes                        ; 2.32 V                      ; 5.61e-09 V                  ; 2.38 V             ; -0.00274 V         ; 0.141 V                             ; 0.006 V                             ; 4.7e-10 s                  ; 6.02e-10 s                 ; Yes                       ; Yes                       ;
+-----------------+--------------+---------------------+---------------------+------------------------------+------------------------------+---------------------+---------------------+--------------------------------------+--------------------------------------+-----------------------------+-----------------------------+----------------------------+----------------------------+-----------------------------+-----------------------------+--------------------+--------------------+-------------------------------------+-------------------------------------+----------------------------+----------------------------+---------------------------+---------------------------+


+----------------------------------------------------------------------------------------------------------------------------------------------------------------------------------------------------------------------------------------------------------------------------------------------------------------------------------------------------------------------------------------------------------------------------------------------------------------------------------------------------------------------------------------------------------------------------------------------------------------------------------------------------------------------------------------------+
; Signal Integrity Metrics (Slow 1200mv 85c Model)                                                                                                                                                                                                                                                                                                                                                                                                                                                                                                                                                                                                                                             ;
+-----------------+--------------+---------------------+---------------------+------------------------------+------------------------------+---------------------+---------------------+--------------------------------------+--------------------------------------+-----------------------------+-----------------------------+----------------------------+----------------------------+-----------------------------+-----------------------------+--------------------+--------------------+-------------------------------------+-------------------------------------+----------------------------+----------------------------+---------------------------+---------------------------+
; Pin             ; I/O Standard ; Board Delay on Rise ; Board Delay on Fall ; Steady State Voh at FPGA Pin ; Steady State Vol at FPGA Pin ; Voh Max at FPGA Pin ; Vol Min at FPGA Pin ; Ringback Voltage on Rise at FPGA Pin ; Ringback Voltage on Fall at FPGA Pin ; 10-90 Rise Time at FPGA Pin ; 90-10 Fall Time at FPGA Pin ; Monotonic Rise at FPGA Pin ; Monotonic Fall at FPGA Pin ; Steady State Voh at Far-end ; Steady State Vol at Far-end ; Voh Max at Far-end ; Vol Min at Far-end ; Ringback Voltage on Rise at Far-end ; Ringback Voltage on Fall at Far-end ; 10-90 Rise Time at Far-end ; 90-10 Fall Time at Far-end ; Monotonic Rise at Far-end ; Monotonic Fall at Far-end ;
+-----------------+--------------+---------------------+---------------------+------------------------------+------------------------------+---------------------+---------------------+--------------------------------------+--------------------------------------+-----------------------------+-----------------------------+----------------------------+----------------------------+-----------------------------+-----------------------------+--------------------+--------------------+-------------------------------------+-------------------------------------+----------------------------+----------------------------+---------------------------+---------------------------+
; tx              ; 2.5 V        ; 0 s                 ; 0 s                 ; 2.32 V                       ; 1.06e-06 V                   ; 2.36 V              ; -0.00724 V          ; 0.107 V                              ; 0.02 V                               ; 4.5e-10 s                   ; 4.25e-10 s                  ; Yes                        ; Yes                        ; 2.32 V                      ; 1.06e-06 V                  ; 2.36 V             ; -0.00724 V         ; 0.107 V                             ; 0.02 V                              ; 4.5e-10 s                  ; 4.25e-10 s                 ; Yes                       ; Yes                       ;
; led_detected[0] ; 2.5 V        ; 0 s                 ; 0 s                 ; 2.32 V                       ; 1.06e-06 V                   ; 2.36 V              ; -0.00724 V          ; 0.107 V                              ; 0.02 V                               ; 4.5e-10 s                   ; 4.25e-10 s                  ; Yes                        ; Yes                        ; 2.32 V                      ; 1.06e-06 V                  ; 2.36 V             ; -0.00724 V         ; 0.107 V                             ; 0.02 V                              ; 4.5e-10 s                  ; 4.25e-10 s                 ; Yes                       ; Yes                       ;
; led_detected[1] ; 2.5 V        ; 0 s                 ; 0 s                 ; 2.32 V                       ; 1.06e-06 V                   ; 2.36 V              ; -0.00724 V          ; 0.107 V                              ; 0.02 V                               ; 4.5e-10 s                   ; 4.25e-10 s                  ; Yes                        ; Yes                        ; 2.32 V                      ; 1.06e-06 V                  ; 2.36 V             ; -0.00724 V         ; 0.107 V                             ; 0.02 V                              ; 4.5e-10 s                  ; 4.25e-10 s                 ; Yes                       ; Yes                       ;
; led_detected[2] ; 2.5 V        ; 0 s                 ; 0 s                 ; 2.32 V                       ; 1.06e-06 V                   ; 2.36 V              ; -0.00724 V          ; 0.107 V                              ; 0.02 V                               ; 4.5e-10 s                   ; 4.25e-10 s                  ; Yes                        ; Yes                        ; 2.32 V                      ; 1.06e-06 V                  ; 2.36 V             ; -0.00724 V         ; 0.107 V                             ; 0.02 V                              ; 4.5e-10 s                  ; 4.25e-10 s                 ; Yes                       ; Yes                       ;
; led_detected[3] ; 2.5 V        ; 0 s                 ; 0 s                 ; 2.32 V                       ; 1.06e-06 V                   ; 2.36 V              ; -0.00724 V          ; 0.107 V                              ; 0.02 V                               ; 4.5e-10 s                   ; 4.25e-10 s                  ; Yes                        ; Yes                        ; 2.32 V                      ; 1.06e-06 V                  ; 2.36 V             ; -0.00724 V         ; 0.107 V                             ; 0.02 V                              ; 4.5e-10 s                  ; 4.25e-10 s                 ; Yes                       ; Yes                       ;
; led_detected[4] ; 2.5 V        ; 0 s                 ; 0 s                 ; 2.32 V                       ; 7.16e-07 V                   ; 2.35 V              ; -0.00832 V          ; 0.101 V                              ; 0.024 V                              ; 6.39e-10 s                  ; 6e-10 s                     ; Yes                        ; Yes                        ; 2.32 V                      ; 7.16e-07 V                  ; 2.35 V             ; -0.00832 V         ; 0.101 V                             ; 0.024 V                             ; 6.39e-10 s                 ; 6e-10 s                    ; Yes                       ; Yes                       ;
; led_detected[5] ; 2.5 V        ; 0 s                 ; 0 s                 ; 2.32 V                       ; 7.16e-07 V                   ; 2.33 V              ; -0.00349 V          ; 0.163 V                              ; 0.074 V                              ; 3.33e-09 s                  ; 3.14e-09 s                  ; Yes                        ; Yes                        ; 2.32 V                      ; 7.16e-07 V                  ; 2.33 V             ; -0.00349 V         ; 0.163 V                             ; 0.074 V                             ; 3.33e-09 s                 ; 3.14e-09 s                 ; Yes                       ; Yes                       ;
; led_detected[6] ; 2.5 V        ; 0 s                 ; 0 s                 ; 2.32 V                       ; 7.16e-07 V                   ; 2.36 V              ; -0.00476 V          ; 0.096 V                              ; 0.013 V                              ; 4.39e-10 s                  ; 4.15e-10 s                  ; Yes                        ; Yes                        ; 2.32 V                      ; 7.16e-07 V                  ; 2.36 V             ; -0.00476 V         ; 0.096 V                             ; 0.013 V                             ; 4.39e-10 s                 ; 4.15e-10 s                 ; Yes                       ; Yes                       ;
; led_detected[7] ; 2.5 V        ; 0 s                 ; 0 s                 ; 2.32 V                       ; 7.16e-07 V                   ; 2.33 V              ; -0.00349 V          ; 0.163 V                              ; 0.074 V                              ; 3.33e-09 s                  ; 3.14e-09 s                  ; Yes                        ; Yes                        ; 2.32 V                      ; 7.16e-07 V                  ; 2.33 V             ; -0.00349 V         ; 0.163 V                             ; 0.074 V                             ; 3.33e-09 s                 ; 3.14e-09 s                 ; Yes                       ; Yes                       ;
; ~ALTERA_DCLK~   ; 2.5 V        ; 0 s                 ; 0 s                 ; 2.32 V                       ; 5.74e-07 V                   ; 2.36 V              ; -0.0201 V           ; 0.072 V                              ; 0.033 V                              ; 4.04e-10 s                  ; 3.29e-10 s                  ; Yes                        ; Yes                        ; 2.32 V                      ; 5.74e-07 V                  ; 2.36 V             ; -0.0201 V          ; 0.072 V                             ; 0.033 V                             ; 4.04e-10 s                 ; 3.29e-10 s                 ; Yes                       ; Yes                       ;
; ~ALTERA_nCEO~   ; 2.5 V        ; 0 s                 ; 0 s                 ; 2.32 V                       ; 9.45e-07 V                   ; 2.35 V              ; -0.00643 V          ; 0.081 V                              ; 0.031 V                              ; 5.31e-10 s                  ; 7.59e-10 s                  ; Yes                        ; Yes                        ; 2.32 V                      ; 9.45e-07 V                  ; 2.35 V             ; -0.00643 V         ; 0.081 V                             ; 0.031 V                             ; 5.31e-10 s                 ; 7.59e-10 s                 ; Yes                       ; Yes                       ;
+-----------------+--------------+---------------------+---------------------+------------------------------+------------------------------+---------------------+---------------------+--------------------------------------+--------------------------------------+-----------------------------+-----------------------------+----------------------------+----------------------------+-----------------------------+-----------------------------+--------------------+--------------------+-------------------------------------+-------------------------------------+----------------------------+----------------------------+---------------------------+---------------------------+


+----------------------------------------------------------------------------------------------------------------------------------------------------------------------------------------------------------------------------------------------------------------------------------------------------------------------------------------------------------------------------------------------------------------------------------------------------------------------------------------------------------------------------------------------------------------------------------------------------------------------------------------------------------------------------------------------+
; Signal Integrity Metrics (Fast 1200mv 0c Model)                                                                                                                                                                                                                                                                                                                                                                                                                                                                                                                                                                                                                                              ;
+-----------------+--------------+---------------------+---------------------+------------------------------+------------------------------+---------------------+---------------------+--------------------------------------+--------------------------------------+-----------------------------+-----------------------------+----------------------------+----------------------------+-----------------------------+-----------------------------+--------------------+--------------------+-------------------------------------+-------------------------------------+----------------------------+----------------------------+---------------------------+---------------------------+
; Pin             ; I/O Standard ; Board Delay on Rise ; Board Delay on Fall ; Steady State Voh at FPGA Pin ; Steady State Vol at FPGA Pin ; Voh Max at FPGA Pin ; Vol Min at FPGA Pin ; Ringback Voltage on Rise at FPGA Pin ; Ringback Voltage on Fall at FPGA Pin ; 10-90 Rise Time at FPGA Pin ; 90-10 Fall Time at FPGA Pin ; Monotonic Rise at FPGA Pin ; Monotonic Fall at FPGA Pin ; Steady State Voh at Far-end ; Steady State Vol at Far-end ; Voh Max at Far-end ; Vol Min at Far-end ; Ringback Voltage on Rise at Far-end ; Ringback Voltage on Fall at Far-end ; 10-90 Rise Time at Far-end ; 90-10 Fall Time at Far-end ; Monotonic Rise at Far-end ; Monotonic Fall at Far-end ;
+-----------------+--------------+---------------------+---------------------+------------------------------+------------------------------+---------------------+---------------------+--------------------------------------+--------------------------------------+-----------------------------+-----------------------------+----------------------------+----------------------------+-----------------------------+-----------------------------+--------------------+--------------------+-------------------------------------+-------------------------------------+----------------------------+----------------------------+---------------------------+---------------------------+
; tx              ; 2.5 V        ; 0 s                 ; 0 s                 ; 2.62 V                       ; 4.05e-08 V                   ; 2.72 V              ; -0.0349 V           ; 0.173 V                              ; 0.1 V                                ; 2.72e-10 s                  ; 2.69e-10 s                  ; Yes                        ; Yes                        ; 2.62 V                      ; 4.05e-08 V                  ; 2.72 V             ; -0.0349 V          ; 0.173 V                             ; 0.1 V                               ; 2.72e-10 s                 ; 2.69e-10 s                 ; Yes                       ; Yes                       ;
; led_detected[0] ; 2.5 V        ; 0 s                 ; 0 s                 ; 2.62 V                       ; 4.05e-08 V                   ; 2.72 V              ; -0.0349 V           ; 0.173 V                              ; 0.1 V                                ; 2.72e-10 s                  ; 2.69e-10 s                  ; Yes                        ; Yes                        ; 2.62 V                      ; 4.05e-08 V                  ; 2.72 V             ; -0.0349 V          ; 0.173 V                             ; 0.1 V                               ; 2.72e-10 s                 ; 2.69e-10 s                 ; Yes                       ; Yes                       ;
; led_detected[1] ; 2.5 V        ; 0 s                 ; 0 s                 ; 2.62 V                       ; 4.05e-08 V                   ; 2.72 V              ; -0.0349 V           ; 0.173 V                              ; 0.1 V                                ; 2.72e-10 s                  ; 2.69e-10 s                  ; Yes                        ; Yes                        ; 2.62 V                      ; 4.05e-08 V                  ; 2.72 V             ; -0.0349 V          ; 0.173 V                             ; 0.1 V                               ; 2.72e-10 s                 ; 2.69e-10 s                 ; Yes                       ; Yes                       ;
; led_detected[2] ; 2.5 V        ; 0 s                 ; 0 s                 ; 2.62 V                       ; 4.05e-08 V                   ; 2.72 V              ; -0.0349 V           ; 0.173 V                              ; 0.1 V                                ; 2.72e-10 s                  ; 2.69e-10 s                  ; Yes                        ; Yes                        ; 2.62 V                      ; 4.05e-08 V                  ; 2.72 V             ; -0.0349 V          ; 0.173 V                             ; 0.1 V                               ; 2.72e-10 s                 ; 2.69e-10 s                 ; Yes                       ; Yes                       ;
; led_detected[3] ; 2.5 V        ; 0 s                 ; 0 s                 ; 2.62 V                       ; 4.05e-08 V                   ; 2.72 V              ; -0.0349 V           ; 0.173 V                              ; 0.1 V                                ; 2.72e-10 s                  ; 2.69e-10 s                  ; Yes                        ; Yes                        ; 2.62 V                      ; 4.05e-08 V                  ; 2.72 V             ; -0.0349 V          ; 0.173 V                             ; 0.1 V                               ; 2.72e-10 s                 ; 2.69e-10 s                 ; Yes                       ; Yes                       ;
; led_detected[4] ; 2.5 V        ; 0 s                 ; 0 s                 ; 2.62 V                       ; 2.74e-08 V                   ; 2.71 V              ; -0.0317 V           ; 0.148 V                              ; 0.064 V                              ; 4.51e-10 s                  ; 4.15e-10 s                  ; No                         ; Yes                        ; 2.62 V                      ; 2.74e-08 V                  ; 2.71 V             ; -0.0317 V          ; 0.148 V                             ; 0.064 V                             ; 4.51e-10 s                 ; 4.15e-10 s                 ; No                        ; Yes                       ;
; led_detected[5] ; 2.5 V        ; 0 s                 ; 0 s                 ; 2.62 V                       ; 2.74e-08 V                   ; 2.64 V              ; -0.0117 V           ; 0.202 V                              ; 0.176 V                              ; 2.38e-09 s                  ; 2.22e-09 s                  ; No                         ; Yes                        ; 2.62 V                      ; 2.74e-08 V                  ; 2.64 V             ; -0.0117 V          ; 0.202 V                             ; 0.176 V                             ; 2.38e-09 s                 ; 2.22e-09 s                 ; No                        ; Yes                       ;
; led_detected[6] ; 2.5 V        ; 0 s                 ; 0 s                 ; 2.62 V                       ; 2.74e-08 V                   ; 2.73 V              ; -0.0384 V           ; 0.169 V                              ; 0.089 V                              ; 2.7e-10 s                   ; 2.62e-10 s                  ; Yes                        ; Yes                        ; 2.62 V                      ; 2.74e-08 V                  ; 2.73 V             ; -0.0384 V          ; 0.169 V                             ; 0.089 V                             ; 2.7e-10 s                  ; 2.62e-10 s                 ; Yes                       ; Yes                       ;
; led_detected[7] ; 2.5 V        ; 0 s                 ; 0 s                 ; 2.62 V                       ; 2.74e-08 V                   ; 2.64 V              ; -0.0117 V           ; 0.202 V                              ; 0.176 V                              ; 2.38e-09 s                  ; 2.22e-09 s                  ; No                         ; Yes                        ; 2.62 V                      ; 2.74e-08 V                  ; 2.64 V             ; -0.0117 V          ; 0.202 V                             ; 0.176 V                             ; 2.38e-09 s                 ; 2.22e-09 s                 ; No                        ; Yes                       ;
; ~ALTERA_DCLK~   ; 2.5 V        ; 0 s                 ; 0 s                 ; 2.62 V                       ; 2.22e-08 V                   ; 2.74 V              ; -0.06 V             ; 0.158 V                              ; 0.08 V                               ; 2.68e-10 s                  ; 2.19e-10 s                  ; Yes                        ; Yes                        ; 2.62 V                      ; 2.22e-08 V                  ; 2.74 V             ; -0.06 V            ; 0.158 V                             ; 0.08 V                              ; 2.68e-10 s                 ; 2.19e-10 s                 ; Yes                       ; Yes                       ;
; ~ALTERA_nCEO~   ; 2.5 V        ; 0 s                 ; 0 s                 ; 2.62 V                       ; 3.54e-08 V                   ; 2.7 V               ; -0.00943 V          ; 0.276 V                              ; 0.035 V                              ; 3.19e-10 s                  ; 4.99e-10 s                  ; No                         ; Yes                        ; 2.62 V                      ; 3.54e-08 V                  ; 2.7 V              ; -0.00943 V         ; 0.276 V                             ; 0.035 V                             ; 3.19e-10 s                 ; 4.99e-10 s                 ; No                        ; Yes                       ;
+-----------------+--------------+---------------------+---------------------+------------------------------+------------------------------+---------------------+---------------------+--------------------------------------+--------------------------------------+-----------------------------+-----------------------------+----------------------------+----------------------------+-----------------------------+-----------------------------+--------------------+--------------------+-------------------------------------+-------------------------------------+----------------------------+----------------------------+---------------------------+---------------------------+


+-------------------------------------------------------------------+
; Setup Transfers                                                   ;
+------------+----------+----------+----------+----------+----------+
; From Clock ; To Clock ; RR Paths ; FR Paths ; RF Paths ; FF Paths ;
+------------+----------+----------+----------+----------+----------+
; clk        ; clk      ; 798      ; 0        ; 0        ; 0        ;
+------------+----------+----------+----------+----------+----------+
Entries labeled "false path" only account for clock-to-clock false paths and not path-based false paths. As a result, actual path counts may be lower than reported.


+-------------------------------------------------------------------+
; Hold Transfers                                                    ;
+------------+----------+----------+----------+----------+----------+
; From Clock ; To Clock ; RR Paths ; FR Paths ; RF Paths ; FF Paths ;
+------------+----------+----------+----------+----------+----------+
; clk        ; clk      ; 798      ; 0        ; 0        ; 0        ;
+------------+----------+----------+----------+----------+----------+
Entries labeled "false path" only account for clock-to-clock false paths and not path-based false paths. As a result, actual path counts may be lower than reported.


---------------
; Report TCCS ;
---------------
No dedicated SERDES Transmitter circuitry present in device or used in design


---------------
; Report RSKM ;
---------------
No non-DPA dedicated SERDES Receiver circuitry present in device or used in design


+------------------------------------------------+
; Unconstrained Paths Summary                    ;
+---------------------------------+-------+------+
; Property                        ; Setup ; Hold ;
+---------------------------------+-------+------+
; Illegal Clocks                  ; 0     ; 0    ;
; Unconstrained Clocks            ; 0     ; 0    ;
; Unconstrained Input Ports       ; 3     ; 3    ;
; Unconstrained Input Port Paths  ; 74    ; 74   ;
; Unconstrained Output Ports      ; 9     ; 9    ;
; Unconstrained Output Port Paths ; 25    ; 25   ;
+---------------------------------+-------+------+


+-------------------------------------+
; Clock Status Summary                ;
+--------+-------+------+-------------+
; Target ; Clock ; Type ; Status      ;
+--------+-------+------+-------------+
; clk    ; clk   ; Base ; Constrained ;
+--------+-------+------+-------------+


+---------------------------------------------------------------------------------------------------+
; Unconstrained Input Ports                                                                         ;
+------------+--------------------------------------------------------------------------------------+
; Input Port ; Comment                                                                              ;
+------------+--------------------------------------------------------------------------------------+
; mode_in    ; No input delay, min/max delays, false-path exceptions, or max skew assignments found ;
; rstn       ; No input delay, min/max delays, false-path exceptions, or max skew assignments found ;
; rx         ; No input delay, min/max delays, false-path exceptions, or max skew assignments found ;
+------------+--------------------------------------------------------------------------------------+


+---------------------------------------------------------------------------------------------------------+
; Unconstrained Output Ports                                                                              ;
+-----------------+---------------------------------------------------------------------------------------+
; Output Port     ; Comment                                                                               ;
+-----------------+---------------------------------------------------------------------------------------+
; led_detected[0] ; No output delay, min/max delays, false-path exceptions, or max skew assignments found ;
; led_detected[1] ; No output delay, min/max delays, false-path exceptions, or max skew assignments found ;
; led_detected[2] ; No output delay, min/max delays, false-path exceptions, or max skew assignments found ;
; led_detected[3] ; No output delay, min/max delays, false-path exceptions, or max skew assignments found ;
; led_detected[4] ; No output delay, min/max delays, false-path exceptions, or max skew assignments found ;
; led_detected[5] ; No output delay, min/max delays, false-path exceptions, or max skew assignments found ;
; led_detected[6] ; No output delay, min/max delays, false-path exceptions, or max skew assignments found ;
; led_detected[7] ; No output delay, min/max delays, false-path exceptions, or max skew assignments found ;
; tx              ; No output delay, min/max delays, false-path exceptions, or max skew assignments found ;
+-----------------+---------------------------------------------------------------------------------------+


+---------------------------------------------------------------------------------------------------+
; Unconstrained Input Ports                                                                         ;
+------------+--------------------------------------------------------------------------------------+
; Input Port ; Comment                                                                              ;
+------------+--------------------------------------------------------------------------------------+
; mode_in    ; No input delay, min/max delays, false-path exceptions, or max skew assignments found ;
; rstn       ; No input delay, min/max delays, false-path exceptions, or max skew assignments found ;
; rx         ; No input delay, min/max delays, false-path exceptions, or max skew assignments found ;
+------------+--------------------------------------------------------------------------------------+


+---------------------------------------------------------------------------------------------------------+
; Unconstrained Output Ports                                                                              ;
+-----------------+---------------------------------------------------------------------------------------+
; Output Port     ; Comment                                                                               ;
+-----------------+---------------------------------------------------------------------------------------+
; led_detected[0] ; No output delay, min/max delays, false-path exceptions, or max skew assignments found ;
; led_detected[1] ; No output delay, min/max delays, false-path exceptions, or max skew assignments found ;
; led_detected[2] ; No output delay, min/max delays, false-path exceptions, or max skew assignments found ;
; led_detected[3] ; No output delay, min/max delays, false-path exceptions, or max skew assignments found ;
; led_detected[4] ; No output delay, min/max delays, false-path exceptions, or max skew assignments found ;
; led_detected[5] ; No output delay, min/max delays, false-path exceptions, or max skew assignments found ;
; led_detected[6] ; No output delay, min/max delays, false-path exceptions, or max skew assignments found ;
; led_detected[7] ; No output delay, min/max delays, false-path exceptions, or max skew assignments found ;
; tx              ; No output delay, min/max delays, false-path exceptions, or max skew assignments found ;
+-----------------+---------------------------------------------------------------------------------------+


+--------------------------+
; Timing Analyzer Messages ;
+--------------------------+
Info: *******************************************************************
Info: Running Quartus Prime Timing Analyzer
    Info: Version 20.1.1 Build 720 11/11/2020 SJ Lite Edition
    Info: Processing started: Wed Sep 10 16:48:02 2025
Info: Command: quartus_sta sequence_detector -c sequence_detector
Info: qsta_default_script.tcl version: #1
Warning (18236): Number of processors has not been specified which may cause overloading on shared machines.  Set the global assignment NUM_PARALLEL_PROCESSORS in your QSF to an appropriate value for best performance.
Info (20030): Parallel compilation is enabled and will use 6 of the 6 processors detected
Info (21077): Low junction temperature is 0 degrees C
Info (21077): High junction temperature is 85 degrees C
Critical Warning (332012): Synopsys Design Constraints File file not found: 'sequence_detector.sdc'. A Synopsys Design Constraints File is required by the Timing Analyzer to get proper timing constraints. Without it, the Compiler will not properly optimize the design.
Info (332142): No user constrained base clocks found in the design. Calling "derive_clocks -period 1.0"
Info (332105): Deriving Clocks
    Info (332105): create_clock -period 1.000 -name clk clk
Info (332143): No user constrained clock uncertainty found in the design. Calling "derive_clock_uncertainty"
Info (332123): Deriving Clock Uncertainty. Please refer to report_sdc in the Timing Analyzer to see clock uncertainties.
Info: Found TIMING_ANALYZER_REPORT_SCRIPT_INCLUDE_DEFAULT_ANALYSIS = ON
Info: Analyzing Slow 1200mV 85C Model
Critical Warning (332148): Timing requirements not met
    Info (11105): For recommendations on closing timing, run Report Timing Closure Recommendations in the Timing Analyzer.
Info (332146): Worst-case setup slack is -1.869
    Info (332119):     Slack       End Point TNS Clock 
    Info (332119): ========= =================== =====================
    Info (332119):    -1.869             -71.999 clk 
Info (332146): Worst-case hold slack is 0.357
    Info (332119):     Slack       End Point TNS Clock 
    Info (332119): ========= =================== =====================
    Info (332119):     0.357               0.000 clk 
Info (332140): No Recovery paths to report
Info (332140): No Removal paths to report
Info (332146): Worst-case minimum pulse width slack is -3.000
    Info (332119):     Slack       End Point TNS Clock 
    Info (332119): ========= =================== =====================
    Info (332119):    -3.000             -64.000 clk 
Info (332114): Report Metastability: Found 1 synchronizer chains.
    Info (332114): Design MTBF is not calculated because the design doesn't meet its timing requirements.
Info: Analyzing Slow 1200mV 0C Model
Info (334003): Started post-fitting delay annotation
Info (334004): Delay annotation completed successfully
Info (332123): Deriving Clock Uncertainty. Please refer to report_sdc in the Timing Analyzer to see clock uncertainties.
Critical Warning (332148): Timing requirements not met
    Info (11105): For recommendations on closing timing, run Report Timing Closure Recommendations in the Timing Analyzer.
Info (332146): Worst-case setup slack is -1.565
    Info (332119):     Slack       End Point TNS Clock 
    Info (332119): ========= =================== =====================
    Info (332119):    -1.565             -59.162 clk 
Info (332146): Worst-case hold slack is 0.311
    Info (332119):     Slack       End Point TNS Clock 
    Info (332119): ========= =================== =====================
    Info (332119):     0.311               0.000 clk 
Info (332140): No Recovery paths to report
Info (332140): No Removal paths to report
Info (332146): Worst-case minimum pulse width slack is -3.000
    Info (332119):     Slack       End Point TNS Clock 
    Info (332119): ========= =================== =====================
    Info (332119):    -3.000             -64.000 clk 
Info (332114): Report Metastability: Found 1 synchronizer chains.
    Info (332114): Design MTBF is not calculated because the design doesn't meet its timing requirements.
Info: Analyzing Fast 1200mV 0C Model
Info (332123): Deriving Clock Uncertainty. Please refer to report_sdc in the Timing Analyzer to see clock uncertainties.
Critical Warning (332148): Timing requirements not met
    Info (11105): For recommendations on closing timing, run Report Timing Closure Recommendations in the Timing Analyzer.
Info (332146): Worst-case setup slack is -0.608
    Info (332119):     Slack       End Point TNS Clock 
    Info (332119): ========= =================== =====================
    Info (332119):    -0.608             -15.142 clk 
Info (332146): Worst-case hold slack is 0.184
    Info (332119):     Slack       End Point TNS Clock 
    Info (332119): ========= =================== =====================
    Info (332119):     0.184               0.000 clk 
Info (332140): No Recovery paths to report
Info (332140): No Removal paths to report
Info (332146): Worst-case minimum pulse width slack is -3.000
    Info (332119):     Slack       End Point TNS Clock 
    Info (332119): ========= =================== =====================
    Info (332119):    -3.000             -67.567 clk 
Info (332114): Report Metastability: Found 1 synchronizer chains.
    Info (332114): The design MTBF is not calculated because there are no specified synchronizers in the design.
    Info (332114): Number of Synchronizer Chains Found: 1
    Info (332114): Shortest Synchronizer Chain: 10 Registers
    Info (332114): Fraction of Chains for which MTBFs Could Not be Calculated: 1.000
    Info (332114): Worst Case Available Settling Time: 4.353 ns
    Info (332114): 
Info (332102): Design is not fully constrained for setup requirements
Info (332102): Design is not fully constrained for hold requirements
Info: Quartus Prime Timing Analyzer was successful. 0 errors, 5 warnings
    Info: Peak virtual memory: 4811 megabytes
    Info: Processing ended: Wed Sep 10 16:48:03 2025
    Info: Elapsed time: 00:00:01
    Info: Total CPU time (on all processors): 00:00:02


