Fitter report for fpu_qp
Sun Dec 28 03:02:20 2025
Quartus Prime Version 20.1.1 Build 720 11/11/2020 SJ Lite Edition


---------------------
; Table of Contents ;
---------------------
  1. Legal Notice
  2. Fitter Summary
  3. Fitter Settings
  4. Parallel Compilation
  5. Incremental Compilation Preservation Summary
  6. Incremental Compilation Partition Settings
  7. Incremental Compilation Placement Preservation
  8. Pin-Out File
  9. Fitter Resource Usage Summary
 10. Fitter Partition Statistics
 11. Input Pins
 12. Output Pins
 13. Dual Purpose and Dedicated Pins
 14. I/O Bank Usage
 15. All Package Pins
 16. I/O Assignment Warnings
 17. Fitter Resource Utilization by Entity
 18. Delay Chain Summary
 19. Pad To Core Delay Chain Fanout
 20. Control Signals
 21. Global & Other Fast Signals
 22. Fitter DSP Block Usage Summary
 23. DSP Block Details
 24. Routing Usage Summary
 25. LAB Logic Elements
 26. LAB-wide Signals
 27. LAB Signals Sourced
 28. LAB Signals Sourced Out
 29. LAB Distinct Inputs
 30. I/O Rules Summary
 31. I/O Rules Details
 32. I/O Rules Matrix
 33. Fitter Device Options
 34. Operating Settings and Conditions
 35. Estimated Delay Added for Hold Timing Summary
 36. Estimated Delay Added for Hold Timing Details
 37. Fitter Messages
 38. Fitter Suppressed Messages



----------------
; Legal Notice ;
----------------
Copyright (C) 2020  Intel Corporation. All rights reserved.
Your use of Intel Corporation's design tools, logic functions 
and other software and tools, and any partner logic 
functions, and any output files from any of the foregoing 
(including device programming or simulation files), and any 
associated documentation or information are expressly subject 
to the terms and conditions of the Intel Program License 
Subscription Agreement, the Intel Quartus Prime License Agreement,
the Intel FPGA IP License Agreement, or other applicable license
agreement, including, without limitation, that your use is for
the sole purpose of programming logic devices manufactured by
Intel and sold by Intel or its authorized distributors.  Please
refer to the applicable agreement for further details, at
https://fpgasoftware.intel.com/eula.



+----------------------------------------------------------------------------------+
; Fitter Summary                                                                   ;
+------------------------------------+---------------------------------------------+
; Fitter Status                      ; Successful - Sun Dec 28 03:02:20 2025       ;
; Quartus Prime Version              ; 20.1.1 Build 720 11/11/2020 SJ Lite Edition ;
; Revision Name                      ; fpu_qp                                      ;
; Top-level Entity Name              ; fpu_qp                                      ;
; Family                             ; Cyclone IV E                                ;
; Device                             ; EP4CE22F17C8                                ;
; Timing Models                      ; Final                                       ;
; Total logic elements               ; 2,450 / 22,320 ( 11 % )                     ;
;     Total combinational functions  ; 2,127 / 22,320 ( 10 % )                     ;
;     Dedicated logic registers      ; 1,294 / 22,320 ( 6 % )                      ;
; Total registers                    ; 1294                                        ;
; Total pins                         ; 4 / 154 ( 3 % )                             ;
; Total virtual pins                 ; 0                                           ;
; Total memory bits                  ; 0 / 608,256 ( 0 % )                         ;
; Embedded Multiplier 9-bit elements ; 7 / 132 ( 5 % )                             ;
; Total PLLs                         ; 0 / 4 ( 0 % )                               ;
+------------------------------------+---------------------------------------------+


+----------------------------------------------------------------------------------------------------------------------------------------------------+
; Fitter Settings                                                                                                                                    ;
+--------------------------------------------------------------------+---------------------------------------+---------------------------------------+
; Option                                                             ; Setting                               ; Default Value                         ;
+--------------------------------------------------------------------+---------------------------------------+---------------------------------------+
; Device                                                             ; EP4CE22F17C8                          ;                                       ;
; Nominal Core Supply Voltage                                        ; 1.2V                                  ;                                       ;
; Minimum Core Junction Temperature                                  ; 0                                     ;                                       ;
; Maximum Core Junction Temperature                                  ; 85                                    ;                                       ;
; Fit Attempts to Skip                                               ; 0                                     ; 0.0                                   ;
; Use smart compilation                                              ; Off                                   ; Off                                   ;
; Enable parallel Assembler and Timing Analyzer during compilation   ; On                                    ; On                                    ;
; Enable compact report table                                        ; Off                                   ; Off                                   ;
; Auto Merge PLLs                                                    ; On                                    ; On                                    ;
; Router Timing Optimization Level                                   ; Normal                                ; Normal                                ;
; Perform Clocking Topology Analysis During Routing                  ; Off                                   ; Off                                   ;
; Placement Effort Multiplier                                        ; 1.0                                   ; 1.0                                   ;
; Router Effort Multiplier                                           ; 1.0                                   ; 1.0                                   ;
; Optimize Hold Timing                                               ; All Paths                             ; All Paths                             ;
; Optimize Multi-Corner Timing                                       ; On                                    ; On                                    ;
; Power Optimization During Fitting                                  ; Normal compilation                    ; Normal compilation                    ;
; SSN Optimization                                                   ; Off                                   ; Off                                   ;
; Optimize Timing                                                    ; Normal compilation                    ; Normal compilation                    ;
; Optimize Timing for ECOs                                           ; Off                                   ; Off                                   ;
; Regenerate Full Fit Report During ECO Compiles                     ; Off                                   ; Off                                   ;
; Optimize IOC Register Placement for Timing                         ; Normal                                ; Normal                                ;
; Limit to One Fitting Attempt                                       ; Off                                   ; Off                                   ;
; Final Placement Optimizations                                      ; Automatically                         ; Automatically                         ;
; Fitter Aggressive Routability Optimizations                        ; Automatically                         ; Automatically                         ;
; Fitter Initial Placement Seed                                      ; 1                                     ; 1                                     ;
; Periphery to Core Placement and Routing Optimization               ; Off                                   ; Off                                   ;
; PCI I/O                                                            ; Off                                   ; Off                                   ;
; Weak Pull-Up Resistor                                              ; Off                                   ; Off                                   ;
; Enable Bus-Hold Circuitry                                          ; Off                                   ; Off                                   ;
; Auto Packed Registers                                              ; Auto                                  ; Auto                                  ;
; Auto Delay Chains                                                  ; On                                    ; On                                    ;
; Auto Delay Chains for High Fanout Input Pins                       ; Off                                   ; Off                                   ;
; Allow Single-ended Buffer for Differential-XSTL Input              ; Off                                   ; Off                                   ;
; Treat Bidirectional Pin as Output Pin                              ; Off                                   ; Off                                   ;
; Perform Physical Synthesis for Combinational Logic for Fitting     ; Off                                   ; Off                                   ;
; Perform Physical Synthesis for Combinational Logic for Performance ; Off                                   ; Off                                   ;
; Perform Register Duplication for Performance                       ; Off                                   ; Off                                   ;
; Perform Logic to Memory Mapping for Fitting                        ; Off                                   ; Off                                   ;
; Perform Register Retiming for Performance                          ; Off                                   ; Off                                   ;
; Perform Asynchronous Signal Pipelining                             ; Off                                   ; Off                                   ;
; Fitter Effort                                                      ; Auto Fit                              ; Auto Fit                              ;
; Physical Synthesis Effort Level                                    ; Normal                                ; Normal                                ;
; Logic Cell Insertion - Logic Duplication                           ; Auto                                  ; Auto                                  ;
; Auto Register Duplication                                          ; Auto                                  ; Auto                                  ;
; Auto Global Clock                                                  ; On                                    ; On                                    ;
; Auto Global Register Control Signals                               ; On                                    ; On                                    ;
; Reserve all unused pins                                            ; As input tri-stated with weak pull-up ; As input tri-stated with weak pull-up ;
; Synchronizer Identification                                        ; Auto                                  ; Auto                                  ;
; Enable Beneficial Skew Optimization                                ; On                                    ; On                                    ;
; Optimize Design for Metastability                                  ; On                                    ; On                                    ;
; Force Fitter to Avoid Periphery Placement Warnings                 ; Off                                   ; Off                                   ;
; Enable input tri-state on active configuration pins in user mode   ; Off                                   ; Off                                   ;
+--------------------------------------------------------------------+---------------------------------------+---------------------------------------+


+------------------------------------------+
; Parallel Compilation                     ;
+----------------------------+-------------+
; Processors                 ; Number      ;
+----------------------------+-------------+
; Number detected on machine ; 12          ;
; Maximum allowed            ; 6           ;
;                            ;             ;
; Average used               ; 1.13        ;
; Maximum used               ; 6           ;
;                            ;             ;
; Usage by Processor         ; % Time Used ;
;     Processor 1            ; 100.0%      ;
;     Processor 2            ;   3.0%      ;
;     Processor 3            ;   2.7%      ;
;     Processor 4            ;   2.6%      ;
;     Processor 5            ;   2.5%      ;
;     Processor 6            ;   2.4%      ;
+----------------------------+-------------+


+---------------------------------------------------------------------------------------------------+
; Incremental Compilation Preservation Summary                                                      ;
+---------------------+---------------------+----------------------------+--------------------------+
; Type                ; Total [A + B]       ; From Design Partitions [A] ; From Rapid Recompile [B] ;
+---------------------+---------------------+----------------------------+--------------------------+
; Placement (by node) ;                     ;                            ;                          ;
;     -- Requested    ; 0.00 % ( 0 / 3449 ) ; 0.00 % ( 0 / 3449 )        ; 0.00 % ( 0 / 3449 )      ;
;     -- Achieved     ; 0.00 % ( 0 / 3449 ) ; 0.00 % ( 0 / 3449 )        ; 0.00 % ( 0 / 3449 )      ;
;                     ;                     ;                            ;                          ;
; Routing (by net)    ;                     ;                            ;                          ;
;     -- Requested    ; 0.00 % ( 0 / 0 )    ; 0.00 % ( 0 / 0 )           ; 0.00 % ( 0 / 0 )         ;
;     -- Achieved     ; 0.00 % ( 0 / 0 )    ; 0.00 % ( 0 / 0 )           ; 0.00 % ( 0 / 0 )         ;
+---------------------+---------------------+----------------------------+--------------------------+


+----------------------------------------------------------------------------------------------------------------------------------------------------------------------------------------+
; Incremental Compilation Partition Settings                                                                                                                                             ;
+--------------------------------+----------------+-------------------+-------------------------+------------------------+------------------------------+--------------------------------+
; Partition Name                 ; Partition Type ; Netlist Type Used ; Preservation Level Used ; Netlist Type Requested ; Preservation Level Requested ; Contents                       ;
+--------------------------------+----------------+-------------------+-------------------------+------------------------+------------------------------+--------------------------------+
; Top                            ; User-created   ; Source File       ; N/A                     ; Source File            ; N/A                          ;                                ;
; hard_block:auto_generated_inst ; Auto-generated ; Source File       ; N/A                     ; Source File            ; N/A                          ; hard_block:auto_generated_inst ;
+--------------------------------+----------------+-------------------+-------------------------+------------------------+------------------------------+--------------------------------+


+------------------------------------------------------------------------------------------------------------------------------------+
; Incremental Compilation Placement Preservation                                                                                     ;
+--------------------------------+-----------------------+-------------------------+-------------------+---------------------+-------+
; Partition Name                 ; Preservation Achieved ; Preservation Level Used ; Netlist Type Used ; Preservation Method ; Notes ;
+--------------------------------+-----------------------+-------------------------+-------------------+---------------------+-------+
; Top                            ; 0.00 % ( 0 / 3439 )   ; N/A                     ; Source File       ; N/A                 ;       ;
; hard_block:auto_generated_inst ; 0.00 % ( 0 / 10 )     ; N/A                     ; Source File       ; N/A                 ;       ;
+--------------------------------+-----------------------+-------------------------+-------------------+---------------------+-------+


+--------------+
; Pin-Out File ;
+--------------+
The pin-out file can be found in D:/IntelFPGA/sem_5/fpu/output_files/fpu_qp.pin.


+-----------------------------------------------------------------------+
; Fitter Resource Usage Summary                                         ;
+---------------------------------------------+-------------------------+
; Resource                                    ; Usage                   ;
+---------------------------------------------+-------------------------+
; Total logic elements                        ; 2,450 / 22,320 ( 11 % ) ;
;     -- Combinational with no register       ; 1156                    ;
;     -- Register only                        ; 323                     ;
;     -- Combinational with a register        ; 971                     ;
;                                             ;                         ;
; Logic element usage by number of LUT inputs ;                         ;
;     -- 4 input functions                    ; 733                     ;
;     -- 3 input functions                    ; 700                     ;
;     -- <=2 input functions                  ; 694                     ;
;     -- Register only                        ; 323                     ;
;                                             ;                         ;
; Logic elements by mode                      ;                         ;
;     -- normal mode                          ; 1531                    ;
;     -- arithmetic mode                      ; 596                     ;
;                                             ;                         ;
; Total registers*                            ; 1,294 / 23,018 ( 6 % )  ;
;     -- Dedicated logic registers            ; 1,294 / 22,320 ( 6 % )  ;
;     -- I/O registers                        ; 0 / 698 ( 0 % )         ;
;                                             ;                         ;
; Total LABs:  partially or completely used   ; 180 / 1,395 ( 13 % )    ;
; Virtual pins                                ; 0                       ;
; I/O pins                                    ; 4 / 154 ( 3 % )         ;
;     -- Clock pins                           ; 1 / 7 ( 14 % )          ;
;     -- Dedicated input pins                 ; 0 / 9 ( 0 % )           ;
;                                             ;                         ;
; M9Ks                                        ; 0 / 66 ( 0 % )          ;
; Total block memory bits                     ; 0 / 608,256 ( 0 % )     ;
; Total block memory implementation bits      ; 0 / 608,256 ( 0 % )     ;
; Embedded Multiplier 9-bit elements          ; 7 / 132 ( 5 % )         ;
; PLLs                                        ; 0 / 4 ( 0 % )           ;
; Global signals                              ; 1                       ;
;     -- Global clocks                        ; 1 / 20 ( 5 % )          ;
; JTAGs                                       ; 0 / 1 ( 0 % )           ;
; CRC blocks                                  ; 0 / 1 ( 0 % )           ;
; ASMI blocks                                 ; 0 / 1 ( 0 % )           ;
; Oscillator blocks                           ; 0 / 1 ( 0 % )           ;
; Impedance control blocks                    ; 0 / 4 ( 0 % )           ;
; Average interconnect usage (total/H/V)      ; 2.6% / 2.5% / 2.7%      ;
; Peak interconnect usage (total/H/V)         ; 12.8% / 12.4% / 13.2%   ;
; Maximum fan-out                             ; 1294                    ;
; Highest non-global fan-out                  ; 265                     ;
; Total fan-out                               ; 11159                   ;
; Average fan-out                             ; 2.97                    ;
+---------------------------------------------+-------------------------+
*  Register count does not include registers inside RAM blocks or DSP blocks.



+------------------------------------------------------------------------------------------------------+
; Fitter Partition Statistics                                                                          ;
+---------------------------------------------+-----------------------+--------------------------------+
; Statistic                                   ; Top                   ; hard_block:auto_generated_inst ;
+---------------------------------------------+-----------------------+--------------------------------+
; Difficulty Clustering Region                ; Low                   ; Low                            ;
;                                             ;                       ;                                ;
; Total logic elements                        ; 2450 / 22320 ( 11 % ) ; 0 / 22320 ( 0 % )              ;
;     -- Combinational with no register       ; 1156                  ; 0                              ;
;     -- Register only                        ; 323                   ; 0                              ;
;     -- Combinational with a register        ; 971                   ; 0                              ;
;                                             ;                       ;                                ;
; Logic element usage by number of LUT inputs ;                       ;                                ;
;     -- 4 input functions                    ; 733                   ; 0                              ;
;     -- 3 input functions                    ; 700                   ; 0                              ;
;     -- <=2 input functions                  ; 694                   ; 0                              ;
;     -- Register only                        ; 323                   ; 0                              ;
;                                             ;                       ;                                ;
; Logic elements by mode                      ;                       ;                                ;
;     -- normal mode                          ; 1531                  ; 0                              ;
;     -- arithmetic mode                      ; 596                   ; 0                              ;
;                                             ;                       ;                                ;
; Total registers                             ; 1294                  ; 0                              ;
;     -- Dedicated logic registers            ; 1294 / 22320 ( 6 % )  ; 0 / 22320 ( 0 % )              ;
;     -- I/O registers                        ; 0                     ; 0                              ;
;                                             ;                       ;                                ;
; Total LABs:  partially or completely used   ; 180 / 1395 ( 13 % )   ; 0 / 1395 ( 0 % )               ;
;                                             ;                       ;                                ;
; Virtual pins                                ; 0                     ; 0                              ;
; I/O pins                                    ; 4                     ; 0                              ;
; Embedded Multiplier 9-bit elements          ; 7 / 132 ( 5 % )       ; 0 / 132 ( 0 % )                ;
; Total memory bits                           ; 0                     ; 0                              ;
; Total RAM block bits                        ; 0                     ; 0                              ;
; Clock control block                         ; 1 / 24 ( 4 % )        ; 0 / 24 ( 0 % )                 ;
;                                             ;                       ;                                ;
; Connections                                 ;                       ;                                ;
;     -- Input Connections                    ; 0                     ; 0                              ;
;     -- Registered Input Connections         ; 0                     ; 0                              ;
;     -- Output Connections                   ; 0                     ; 0                              ;
;     -- Registered Output Connections        ; 0                     ; 0                              ;
;                                             ;                       ;                                ;
; Internal Connections                        ;                       ;                                ;
;     -- Total Connections                    ; 11276                 ; 5                              ;
;     -- Registered Connections               ; 4534                  ; 0                              ;
;                                             ;                       ;                                ;
; External Connections                        ;                       ;                                ;
;     -- Top                                  ; 0                     ; 0                              ;
;     -- hard_block:auto_generated_inst       ; 0                     ; 0                              ;
;                                             ;                       ;                                ;
; Partition Interface                         ;                       ;                                ;
;     -- Input Ports                          ; 3                     ; 0                              ;
;     -- Output Ports                         ; 1                     ; 0                              ;
;     -- Bidir Ports                          ; 0                     ; 0                              ;
;                                             ;                       ;                                ;
; Registered Ports                            ;                       ;                                ;
;     -- Registered Input Ports               ; 0                     ; 0                              ;
;     -- Registered Output Ports              ; 0                     ; 0                              ;
;                                             ;                       ;                                ;
; Port Connectivity                           ;                       ;                                ;
;     -- Input Ports driven by GND            ; 0                     ; 0                              ;
;     -- Output Ports driven by GND           ; 0                     ; 0                              ;
;     -- Input Ports driven by VCC            ; 0                     ; 0                              ;
;     -- Output Ports driven by VCC           ; 0                     ; 0                              ;
;     -- Input Ports with no Source           ; 0                     ; 0                              ;
;     -- Output Ports with no Source          ; 0                     ; 0                              ;
;     -- Input Ports with no Fanout           ; 0                     ; 0                              ;
;     -- Output Ports with no Fanout          ; 0                     ; 0                              ;
+---------------------------------------------+-----------------------+--------------------------------+


+-------------------------------------------------------------------------------------------------------------------------------------------------------------------------------------------------------------------------------------------------------------------------------------------+
; Input Pins                                                                                                                                                                                                                                                                                ;
+----------+-------+----------+--------------+--------------+--------------+-----------------------+--------------------+--------+----------------+---------------+-----------------+----------+--------------+--------------+---------------------------+----------------------+-----------+
; Name     ; Pin # ; I/O Bank ; X coordinate ; Y coordinate ; Z coordinate ; Combinational Fan-Out ; Registered Fan-Out ; Global ; Input Register ; Power Up High ; PCI I/O Enabled ; Bus Hold ; Weak Pull Up ; I/O Standard ; Termination Control Block ; Location assigned by ; Slew Rate ;
+----------+-------+----------+--------------+--------------+--------------+-----------------------+--------------------+--------+----------------+---------------+-----------------+----------+--------------+--------------+---------------------------+----------------------+-----------+
; CLOCK_50 ; R8    ; 3        ; 27           ; 0            ; 21           ; 1294                  ; 0                  ; yes    ; no             ; no            ; yes             ; no       ; Off          ; 2.5 V        ; --                        ; User                 ; no        ;
; RESET_N  ; J15   ; 5        ; 53           ; 14           ; 0            ; 265                   ; 0                  ; no     ; no             ; no            ; yes             ; no       ; Off          ; 2.5 V        ; --                        ; User                 ; no        ;
; UART_RX  ; A3    ; 8        ; 7            ; 34           ; 14           ; 1                     ; 0                  ; no     ; no             ; no            ; yes             ; no       ; Off          ; 2.5 V        ; --                        ; User                 ; no        ;
+----------+-------+----------+--------------+--------------+--------------+-----------------------+--------------------+--------+----------------+---------------+-----------------+----------+--------------+--------------+---------------------------+----------------------+-----------+


+----------------------------------------------------------------------------------------------------------------------------------------------------------------------------------------------------------------------------------------------------------------------------------------------------------------------------------------------------------------------------------------------------------------------------------------------------------+
; Output Pins                                                                                                                                                                                                                                                                                                                                                                                                                                              ;
+---------+-------+----------+--------------+--------------+--------------+-----------------+------------------------+---------------+-----------+-----------------+------------+---------------+----------+--------------+--------------+------------------+-----------------------------------+---------------------------+----------------------------+-----------------------------+----------------------+----------------------+---------------------+
; Name    ; Pin # ; I/O Bank ; X coordinate ; Y coordinate ; Z coordinate ; Output Register ; Output Enable Register ; Power Up High ; Slew Rate ; PCI I/O Enabled ; Open Drain ; TRI Primitive ; Bus Hold ; Weak Pull Up ; I/O Standard ; Current Strength ; Termination                       ; Termination Control Block ; Output Buffer Pre-emphasis ; Voltage Output Differential ; Location assigned by ; Output Enable Source ; Output Enable Group ;
+---------+-------+----------+--------------+--------------+--------------+-----------------+------------------------+---------------+-----------+-----------------+------------+---------------+----------+--------------+--------------+------------------+-----------------------------------+---------------------------+----------------------------+-----------------------------+----------------------+----------------------+---------------------+
; UART_TX ; A2    ; 8        ; 7            ; 34           ; 7            ; no              ; no                     ; no            ; 2         ; no              ; no         ; no            ; no       ; Off          ; 2.5 V        ; Default          ; Series 50 Ohm without Calibration ; --                        ; no                         ; no                          ; User                 ; -                    ; -                   ;
+---------+-------+----------+--------------+--------------+--------------+-----------------+------------------------+---------------+-----------+-----------------+------------+---------------+----------+--------------+--------------+------------------+-----------------------------------+---------------------------+----------------------------+-----------------------------+----------------------+----------------------+---------------------+


+-------------------------------------------------------------------------------------------------------------------------+
; Dual Purpose and Dedicated Pins                                                                                         ;
+----------+-----------------------------+--------------------------+-------------------------+---------------------------+
; Location ; Pin Name                    ; Reserved As              ; User Signal Name        ; Pin Type                  ;
+----------+-----------------------------+--------------------------+-------------------------+---------------------------+
; C1       ; DIFFIO_L3n, DATA1, ASDO     ; As input tri-stated      ; ~ALTERA_ASDO_DATA1~     ; Dual Purpose Pin          ;
; D2       ; DIFFIO_L4p, FLASH_nCE, nCSO ; As input tri-stated      ; ~ALTERA_FLASH_nCE_nCSO~ ; Dual Purpose Pin          ;
; F4       ; nSTATUS                     ; -                        ; -                       ; Dedicated Programming Pin ;
; H1       ; DCLK                        ; As output driving ground ; ~ALTERA_DCLK~           ; Dual Purpose Pin          ;
; H2       ; DATA0                       ; As input tri-stated      ; ~ALTERA_DATA0~          ; Dual Purpose Pin          ;
; H5       ; nCONFIG                     ; -                        ; -                       ; Dedicated Programming Pin ;
; J3       ; nCE                         ; -                        ; -                       ; Dedicated Programming Pin ;
; J15      ; DIFFIO_R9p, DEV_CLRn        ; Use as regular IO        ; RESET_N                 ; Dual Purpose Pin          ;
; H14      ; CONF_DONE                   ; -                        ; -                       ; Dedicated Programming Pin ;
; H13      ; MSEL0                       ; -                        ; -                       ; Dedicated Programming Pin ;
; H12      ; MSEL1                       ; -                        ; -                       ; Dedicated Programming Pin ;
; G12      ; MSEL2                       ; -                        ; -                       ; Dedicated Programming Pin ;
; G12      ; MSEL3                       ; -                        ; -                       ; Dedicated Programming Pin ;
; F16      ; DIFFIO_R4n, nCEO            ; Use as programming pin   ; ~ALTERA_nCEO~           ; Dual Purpose Pin          ;
+----------+-----------------------------+--------------------------+-------------------------+---------------------------+


+-----------------------------------------------------------+
; I/O Bank Usage                                            ;
+----------+-----------------+---------------+--------------+
; I/O Bank ; Usage           ; VCCIO Voltage ; VREF Voltage ;
+----------+-----------------+---------------+--------------+
; 1        ; 4 / 14 ( 29 % ) ; 2.5V          ; --           ;
; 2        ; 0 / 16 ( 0 % )  ; 2.5V          ; --           ;
; 3        ; 1 / 25 ( 4 % )  ; 2.5V          ; --           ;
; 4        ; 0 / 20 ( 0 % )  ; 2.5V          ; --           ;
; 5        ; 1 / 18 ( 6 % )  ; 2.5V          ; --           ;
; 6        ; 1 / 13 ( 8 % )  ; 2.5V          ; --           ;
; 7        ; 0 / 24 ( 0 % )  ; 2.5V          ; --           ;
; 8        ; 2 / 24 ( 8 % )  ; 2.5V          ; --           ;
+----------+-----------------+---------------+--------------+


+-----------------------------------------------------------------------------------------------------------------------------------------------------------------------------------------+
; All Package Pins                                                                                                                                                                        ;
+----------+------------+----------+-----------------------------------------------------------+--------+--------------+---------+------------+-----------------+----------+--------------+
; Location ; Pad Number ; I/O Bank ; Pin Name/Usage                                            ; Dir.   ; I/O Standard ; Voltage ; I/O Type   ; User Assignment ; Bus Hold ; Weak Pull Up ;
+----------+------------+----------+-----------------------------------------------------------+--------+--------------+---------+------------+-----------------+----------+--------------+
; A1       ;            ; 8        ; VCCIO8                                                    ; power  ;              ; 2.5V    ; --         ;                 ; --       ; --           ;
; A2       ; 238        ; 8        ; UART_TX                                                   ; output ; 2.5 V        ;         ; Column I/O ; Y               ; no       ; Off          ;
; A3       ; 239        ; 8        ; UART_RX                                                   ; input  ; 2.5 V        ;         ; Column I/O ; Y               ; no       ; Off          ;
; A4       ; 236        ; 8        ; RESERVED_INPUT_WITH_WEAK_PULLUP                           ;        ;              ;         ; Column I/O ;                 ; no       ; On           ;
; A5       ; 232        ; 8        ; RESERVED_INPUT_WITH_WEAK_PULLUP                           ;        ;              ;         ; Column I/O ;                 ; no       ; On           ;
; A6       ; 225        ; 8        ; RESERVED_INPUT_WITH_WEAK_PULLUP                           ;        ;              ;         ; Column I/O ;                 ; no       ; On           ;
; A7       ; 220        ; 8        ; RESERVED_INPUT_WITH_WEAK_PULLUP                           ;        ;              ;         ; Column I/O ;                 ; no       ; On           ;
; A8       ; 211        ; 8        ; GND+                                                      ;        ;              ;         ; Column I/O ;                 ; --       ; --           ;
; A9       ; 209        ; 7        ; GND+                                                      ;        ;              ;         ; Column I/O ;                 ; --       ; --           ;
; A10      ; 198        ; 7        ; RESERVED_INPUT_WITH_WEAK_PULLUP                           ;        ;              ;         ; Column I/O ;                 ; no       ; On           ;
; A11      ; 188        ; 7        ; RESERVED_INPUT_WITH_WEAK_PULLUP                           ;        ;              ;         ; Column I/O ;                 ; no       ; On           ;
; A12      ; 186        ; 7        ; RESERVED_INPUT_WITH_WEAK_PULLUP                           ;        ;              ;         ; Column I/O ;                 ; no       ; On           ;
; A13      ; 179        ; 7        ; RESERVED_INPUT_WITH_WEAK_PULLUP                           ;        ;              ;         ; Column I/O ;                 ; no       ; On           ;
; A14      ; 181        ; 7        ; RESERVED_INPUT_WITH_WEAK_PULLUP                           ;        ;              ;         ; Column I/O ;                 ; no       ; On           ;
; A15      ; 191        ; 7        ; RESERVED_INPUT_WITH_WEAK_PULLUP                           ;        ;              ;         ; Column I/O ;                 ; no       ; On           ;
; A16      ;            ; 7        ; VCCIO7                                                    ; power  ;              ; 2.5V    ; --         ;                 ; --       ; --           ;
; B1       ; 5          ; 1        ; RESERVED_INPUT_WITH_WEAK_PULLUP                           ;        ;              ;         ; Row I/O    ;                 ; no       ; On           ;
; B2       ;            ;          ; GND                                                       ; gnd    ;              ;         ; --         ;                 ; --       ; --           ;
; B3       ; 242        ; 8        ; RESERVED_INPUT_WITH_WEAK_PULLUP                           ;        ;              ;         ; Column I/O ;                 ; no       ; On           ;
; B4       ; 237        ; 8        ; RESERVED_INPUT_WITH_WEAK_PULLUP                           ;        ;              ;         ; Column I/O ;                 ; no       ; On           ;
; B5       ; 233        ; 8        ; RESERVED_INPUT_WITH_WEAK_PULLUP                           ;        ;              ;         ; Column I/O ;                 ; no       ; On           ;
; B6       ; 226        ; 8        ; RESERVED_INPUT_WITH_WEAK_PULLUP                           ;        ;              ;         ; Column I/O ;                 ; no       ; On           ;
; B7       ; 221        ; 8        ; RESERVED_INPUT_WITH_WEAK_PULLUP                           ;        ;              ;         ; Column I/O ;                 ; no       ; On           ;
; B8       ; 212        ; 8        ; GND+                                                      ;        ;              ;         ; Column I/O ;                 ; --       ; --           ;
; B9       ; 210        ; 7        ; GND+                                                      ;        ;              ;         ; Column I/O ;                 ; --       ; --           ;
; B10      ; 199        ; 7        ; RESERVED_INPUT_WITH_WEAK_PULLUP                           ;        ;              ;         ; Column I/O ;                 ; no       ; On           ;
; B11      ; 189        ; 7        ; RESERVED_INPUT_WITH_WEAK_PULLUP                           ;        ;              ;         ; Column I/O ;                 ; no       ; On           ;
; B12      ; 187        ; 7        ; RESERVED_INPUT_WITH_WEAK_PULLUP                           ;        ;              ;         ; Column I/O ;                 ; no       ; On           ;
; B13      ; 180        ; 7        ; RESERVED_INPUT_WITH_WEAK_PULLUP                           ;        ;              ;         ; Column I/O ;                 ; no       ; On           ;
; B14      ; 182        ; 7        ; RESERVED_INPUT_WITH_WEAK_PULLUP                           ;        ;              ;         ; Column I/O ;                 ; no       ; On           ;
; B15      ;            ;          ; GND                                                       ; gnd    ;              ;         ; --         ;                 ; --       ; --           ;
; B16      ; 164        ; 6        ; RESERVED_INPUT_WITH_WEAK_PULLUP                           ;        ;              ;         ; Row I/O    ;                 ; no       ; On           ;
; C1       ; 7          ; 1        ; ~ALTERA_ASDO_DATA1~ / RESERVED_INPUT_WITH_WEAK_PULLUP     ; input  ; 2.5 V        ;         ; Row I/O    ; N               ; no       ; On           ;
; C2       ; 6          ; 1        ; RESERVED_INPUT_WITH_WEAK_PULLUP                           ;        ;              ;         ; Row I/O    ;                 ; no       ; On           ;
; C3       ; 245        ; 8        ; RESERVED_INPUT_WITH_WEAK_PULLUP                           ;        ;              ;         ; Column I/O ;                 ; no       ; On           ;
; C4       ;            ; 8        ; VCCIO8                                                    ; power  ;              ; 2.5V    ; --         ;                 ; --       ; --           ;
; C5       ;            ;          ; GND                                                       ; gnd    ;              ;         ; --         ;                 ; --       ; --           ;
; C6       ; 224        ; 8        ; RESERVED_INPUT_WITH_WEAK_PULLUP                           ;        ;              ;         ; Column I/O ;                 ; --       ; --           ;
; C7       ;            ; 8        ; VCCIO8                                                    ; power  ;              ; 2.5V    ; --         ;                 ; --       ; --           ;
; C8       ; 215        ; 8        ; RESERVED_INPUT_WITH_WEAK_PULLUP                           ;        ;              ;         ; Column I/O ;                 ; no       ; On           ;
; C9       ; 200        ; 7        ; RESERVED_INPUT_WITH_WEAK_PULLUP                           ;        ;              ;         ; Column I/O ;                 ; no       ; On           ;
; C10      ;            ; 7        ; VCCIO7                                                    ; power  ;              ; 2.5V    ; --         ;                 ; --       ; --           ;
; C11      ; 190        ; 7        ; RESERVED_INPUT_WITH_WEAK_PULLUP                           ;        ;              ;         ; Column I/O ;                 ; --       ; --           ;
; C12      ;            ;          ; GND                                                       ; gnd    ;              ;         ; --         ;                 ; --       ; --           ;
; C13      ;            ; 7        ; VCCIO7                                                    ; power  ;              ; 2.5V    ; --         ;                 ; --       ; --           ;
; C14      ; 175        ; 7        ; RESERVED_INPUT_WITH_WEAK_PULLUP                           ;        ;              ;         ; Column I/O ;                 ; no       ; On           ;
; C15      ; 174        ; 6        ; RESERVED_INPUT_WITH_WEAK_PULLUP                           ;        ;              ;         ; Row I/O    ;                 ; no       ; On           ;
; C16      ; 173        ; 6        ; RESERVED_INPUT_WITH_WEAK_PULLUP                           ;        ;              ;         ; Row I/O    ;                 ; no       ; On           ;
; D1       ; 10         ; 1        ; RESERVED_INPUT_WITH_WEAK_PULLUP                           ;        ;              ;         ; Row I/O    ;                 ; no       ; On           ;
; D2       ; 9          ; 1        ; ~ALTERA_FLASH_nCE_nCSO~ / RESERVED_INPUT_WITH_WEAK_PULLUP ; input  ; 2.5 V        ;         ; Row I/O    ; N               ; no       ; On           ;
; D3       ; 246        ; 8        ; RESERVED_INPUT_WITH_WEAK_PULLUP                           ;        ;              ;         ; Column I/O ;                 ; no       ; On           ;
; D4       ;            ;          ; VCCD_PLL3                                                 ; power  ;              ; 1.2V    ; --         ;                 ; --       ; --           ;
; D5       ; 241        ; 8        ; RESERVED_INPUT_WITH_WEAK_PULLUP                           ;        ;              ;         ; Column I/O ;                 ; no       ; On           ;
; D6       ; 234        ; 8        ; RESERVED_INPUT_WITH_WEAK_PULLUP                           ;        ;              ;         ; Column I/O ;                 ; no       ; On           ;
; D7       ;            ;          ; GND                                                       ; gnd    ;              ;         ; --         ;                 ; --       ; --           ;
; D8       ; 216        ; 8        ; RESERVED_INPUT_WITH_WEAK_PULLUP                           ;        ;              ;         ; Column I/O ;                 ; no       ; On           ;
; D9       ; 201        ; 7        ; RESERVED_INPUT_WITH_WEAK_PULLUP                           ;        ;              ;         ; Column I/O ;                 ; no       ; On           ;
; D10      ;            ;          ; GND                                                       ; gnd    ;              ;         ; --         ;                 ; --       ; --           ;
; D11      ; 177        ; 7        ; RESERVED_INPUT_WITH_WEAK_PULLUP                           ;        ;              ;         ; Column I/O ;                 ; no       ; On           ;
; D12      ; 178        ; 7        ; RESERVED_INPUT_WITH_WEAK_PULLUP                           ;        ;              ;         ; Column I/O ;                 ; no       ; On           ;
; D13      ;            ;          ; VCCD_PLL2                                                 ; power  ;              ; 1.2V    ; --         ;                 ; --       ; --           ;
; D14      ; 176        ; 7        ; RESERVED_INPUT_WITH_WEAK_PULLUP                           ;        ;              ;         ; Column I/O ;                 ; no       ; On           ;
; D15      ; 170        ; 6        ; RESERVED_INPUT_WITH_WEAK_PULLUP                           ;        ;              ;         ; Row I/O    ;                 ; no       ; On           ;
; D16      ; 169        ; 6        ; RESERVED_INPUT_WITH_WEAK_PULLUP                           ;        ;              ;         ; Row I/O    ;                 ; no       ; On           ;
; E1       ; 26         ; 1        ; GND+                                                      ;        ;              ;         ; Row I/O    ;                 ; --       ; --           ;
; E2       ;            ;          ; GND                                                       ; gnd    ;              ;         ; --         ;                 ; --       ; --           ;
; E3       ;            ; 1        ; VCCIO1                                                    ; power  ;              ; 2.5V    ; --         ;                 ; --       ; --           ;
; E4       ;            ;          ; GND                                                       ; gnd    ;              ;         ; --         ;                 ; --       ; --           ;
; E5       ;            ;          ; GNDA3                                                     ; gnd    ;              ;         ; --         ;                 ; --       ; --           ;
; E6       ; 231        ; 8        ; RESERVED_INPUT_WITH_WEAK_PULLUP                           ;        ;              ;         ; Column I/O ;                 ; no       ; On           ;
; E7       ; 227        ; 8        ; RESERVED_INPUT_WITH_WEAK_PULLUP                           ;        ;              ;         ; Column I/O ;                 ; no       ; On           ;
; E8       ; 218        ; 8        ; RESERVED_INPUT_WITH_WEAK_PULLUP                           ;        ;              ;         ; Column I/O ;                 ; no       ; On           ;
; E9       ; 205        ; 7        ; RESERVED_INPUT_WITH_WEAK_PULLUP                           ;        ;              ;         ; Column I/O ;                 ; no       ; On           ;
; E10      ; 184        ; 7        ; RESERVED_INPUT_WITH_WEAK_PULLUP                           ;        ;              ;         ; Column I/O ;                 ; no       ; On           ;
; E11      ; 183        ; 7        ; RESERVED_INPUT_WITH_WEAK_PULLUP                           ;        ;              ;         ; Column I/O ;                 ; no       ; On           ;
; E12      ;            ;          ; GNDA2                                                     ; gnd    ;              ;         ; --         ;                 ; --       ; --           ;
; E13      ;            ;          ; GND                                                       ; gnd    ;              ;         ; --         ;                 ; --       ; --           ;
; E14      ;            ; 6        ; VCCIO6                                                    ; power  ;              ; 2.5V    ; --         ;                 ; --       ; --           ;
; E15      ; 151        ; 6        ; GND+                                                      ;        ;              ;         ; Row I/O    ;                 ; --       ; --           ;
; E16      ; 150        ; 6        ; GND+                                                      ;        ;              ;         ; Row I/O    ;                 ; --       ; --           ;
; F1       ; 14         ; 1        ; RESERVED_INPUT_WITH_WEAK_PULLUP                           ;        ;              ;         ; Row I/O    ;                 ; no       ; On           ;
; F2       ; 13         ; 1        ; RESERVED_INPUT_WITH_WEAK_PULLUP                           ;        ;              ;         ; Row I/O    ;                 ; no       ; On           ;
; F3       ; 8          ; 1        ; RESERVED_INPUT_WITH_WEAK_PULLUP                           ;        ;              ;         ; Row I/O    ;                 ; --       ; --           ;
; F4       ; 11         ; 1        ; ^nSTATUS                                                  ;        ;              ;         ; --         ;                 ; --       ; --           ;
; F5       ;            ; --       ; VCCA3                                                     ; power  ;              ; 2.5V    ; --         ;                 ; --       ; --           ;
; F6       ;            ;          ; GND                                                       ; gnd    ;              ;         ; --         ;                 ; --       ; --           ;
; F7       ;            ;          ; VCCINT                                                    ; power  ;              ; 1.2V    ; --         ;                 ; --       ; --           ;
; F8       ; 219        ; 8        ; RESERVED_INPUT_WITH_WEAK_PULLUP                           ;        ;              ;         ; Column I/O ;                 ; no       ; On           ;
; F9       ; 197        ; 7        ; RESERVED_INPUT_WITH_WEAK_PULLUP                           ;        ;              ;         ; Column I/O ;                 ; no       ; On           ;
; F10      ;            ;          ; GND                                                       ; gnd    ;              ;         ; --         ;                 ; --       ; --           ;
; F11      ;            ;          ; VCCINT                                                    ; power  ;              ; 1.2V    ; --         ;                 ; --       ; --           ;
; F12      ;            ; --       ; VCCA2                                                     ; power  ;              ; 2.5V    ; --         ;                 ; --       ; --           ;
; F13      ; 161        ; 6        ; RESERVED_INPUT_WITH_WEAK_PULLUP                           ;        ;              ;         ; Row I/O    ;                 ; no       ; On           ;
; F14      ; 167        ; 6        ; RESERVED_INPUT_WITH_WEAK_PULLUP                           ;        ;              ;         ; Row I/O    ;                 ; --       ; --           ;
; F15      ; 163        ; 6        ; RESERVED_INPUT_WITH_WEAK_PULLUP                           ;        ;              ;         ; Row I/O    ;                 ; no       ; On           ;
; F16      ; 162        ; 6        ; ~ALTERA_nCEO~ / RESERVED_OUTPUT_OPEN_DRAIN                ; output ; 2.5 V        ;         ; Row I/O    ; N               ; no       ; Off          ;
; G1       ; 16         ; 1        ; RESERVED_INPUT_WITH_WEAK_PULLUP                           ;        ;              ;         ; Row I/O    ;                 ; no       ; On           ;
; G2       ; 15         ; 1        ; RESERVED_INPUT_WITH_WEAK_PULLUP                           ;        ;              ;         ; Row I/O    ;                 ; no       ; On           ;
; G3       ;            ; 1        ; VCCIO1                                                    ; power  ;              ; 2.5V    ; --         ;                 ; --       ; --           ;
; G4       ;            ;          ; GND                                                       ; gnd    ;              ;         ; --         ;                 ; --       ; --           ;
; G5       ; 12         ; 1        ; RESERVED_INPUT_WITH_WEAK_PULLUP                           ;        ;              ;         ; Row I/O    ;                 ; no       ; On           ;
; G6       ;            ;          ; VCCINT                                                    ; power  ;              ; 1.2V    ; --         ;                 ; --       ; --           ;
; G7       ;            ;          ; VCCINT                                                    ; power  ;              ; 1.2V    ; --         ;                 ; --       ; --           ;
; G8       ;            ;          ; VCCINT                                                    ; power  ;              ; 1.2V    ; --         ;                 ; --       ; --           ;
; G9       ;            ;          ; VCCINT                                                    ; power  ;              ; 1.2V    ; --         ;                 ; --       ; --           ;
; G10      ;            ;          ; VCCINT                                                    ; power  ;              ; 1.2V    ; --         ;                 ; --       ; --           ;
; G11      ;            ;          ; GND                                                       ; gnd    ;              ;         ; --         ;                 ; --       ; --           ;
; G12      ; 155        ; 6        ; ^MSEL2                                                    ;        ;              ;         ; --         ;                 ; --       ; --           ;
; G12      ; 156        ; 6        ; ^MSEL3                                                    ;        ;              ;         ; --         ;                 ; --       ; --           ;
; G13      ;            ;          ; GND                                                       ; gnd    ;              ;         ; --         ;                 ; --       ; --           ;
; G14      ;            ; 6        ; VCCIO6                                                    ; power  ;              ; 2.5V    ; --         ;                 ; --       ; --           ;
; G15      ; 160        ; 6        ; RESERVED_INPUT_WITH_WEAK_PULLUP                           ;        ;              ;         ; Row I/O    ;                 ; no       ; On           ;
; G16      ; 159        ; 6        ; RESERVED_INPUT_WITH_WEAK_PULLUP                           ;        ;              ;         ; Row I/O    ;                 ; no       ; On           ;
; H1       ; 17         ; 1        ; ~ALTERA_DCLK~                                             ; output ; 2.5 V        ;         ; Row I/O    ; N               ; no       ; On           ;
; H2       ; 18         ; 1        ; ~ALTERA_DATA0~ / RESERVED_INPUT_WITH_WEAK_PULLUP          ; input  ; 2.5 V        ;         ; Row I/O    ; N               ; no       ; On           ;
; H3       ; 21         ; 1        ; #TCK                                                      ; input  ;              ;         ; --         ;                 ; --       ; --           ;
; H4       ; 20         ; 1        ; #TDI                                                      ; input  ;              ;         ; --         ;                 ; --       ; --           ;
; H5       ; 19         ; 1        ; ^nCONFIG                                                  ;        ;              ;         ; --         ;                 ; --       ; --           ;
; H6       ;            ;          ; VCCINT                                                    ; power  ;              ; 1.2V    ; --         ;                 ; --       ; --           ;
; H7       ;            ;          ; GND                                                       ; gnd    ;              ;         ; --         ;                 ; --       ; --           ;
; H8       ;            ;          ; GND                                                       ; gnd    ;              ;         ; --         ;                 ; --       ; --           ;
; H9       ;            ;          ; GND                                                       ; gnd    ;              ;         ; --         ;                 ; --       ; --           ;
; H10      ;            ;          ; GND                                                       ; gnd    ;              ;         ; --         ;                 ; --       ; --           ;
; H11      ;            ;          ; VCCINT                                                    ; power  ;              ; 1.2V    ; --         ;                 ; --       ; --           ;
; H12      ; 154        ; 6        ; ^MSEL1                                                    ;        ;              ;         ; --         ;                 ; --       ; --           ;
; H13      ; 153        ; 6        ; ^MSEL0                                                    ;        ;              ;         ; --         ;                 ; --       ; --           ;
; H14      ; 152        ; 6        ; ^CONF_DONE                                                ;        ;              ;         ; --         ;                 ; --       ; --           ;
; H15      ;            ;          ; GND                                                       ; gnd    ;              ;         ; --         ;                 ; --       ; --           ;
; H16      ;            ;          ; GND                                                       ; gnd    ;              ;         ; --         ;                 ; --       ; --           ;
; J1       ; 30         ; 2        ; RESERVED_INPUT_WITH_WEAK_PULLUP                           ;        ;              ;         ; Row I/O    ;                 ; no       ; On           ;
; J2       ; 29         ; 2        ; RESERVED_INPUT_WITH_WEAK_PULLUP                           ;        ;              ;         ; Row I/O    ;                 ; no       ; On           ;
; J3       ; 24         ; 1        ; ^nCE                                                      ;        ;              ;         ; --         ;                 ; --       ; --           ;
; J4       ; 23         ; 1        ; #TDO                                                      ; output ;              ;         ; --         ;                 ; --       ; --           ;
; J5       ; 22         ; 1        ; #TMS                                                      ; input  ;              ;         ; --         ;                 ; --       ; --           ;
; J6       ;            ;          ; VCCINT                                                    ; power  ;              ; 1.2V    ; --         ;                 ; --       ; --           ;
; J7       ;            ;          ; GND                                                       ; gnd    ;              ;         ; --         ;                 ; --       ; --           ;
; J8       ;            ;          ; GND                                                       ; gnd    ;              ;         ; --         ;                 ; --       ; --           ;
; J9       ;            ;          ; GND                                                       ; gnd    ;              ;         ; --         ;                 ; --       ; --           ;
; J10      ;            ;          ; GND                                                       ; gnd    ;              ;         ; --         ;                 ; --       ; --           ;
; J11      ;            ;          ; GND                                                       ; gnd    ;              ;         ; --         ;                 ; --       ; --           ;
; J12      ;            ;          ; VCCINT                                                    ; power  ;              ; 1.2V    ; --         ;                 ; --       ; --           ;
; J13      ; 146        ; 5        ; RESERVED_INPUT_WITH_WEAK_PULLUP                           ;        ;              ;         ; Row I/O    ;                 ; no       ; On           ;
; J14      ; 144        ; 5        ; RESERVED_INPUT_WITH_WEAK_PULLUP                           ;        ;              ;         ; Row I/O    ;                 ; no       ; On           ;
; J15      ; 143        ; 5        ; RESET_N                                                   ; input  ; 2.5 V        ;         ; Row I/O    ; Y               ; no       ; Off          ;
; J16      ; 142        ; 5        ; RESERVED_INPUT_WITH_WEAK_PULLUP                           ;        ;              ;         ; Row I/O    ;                 ; no       ; On           ;
; K1       ; 37         ; 2        ; RESERVED_INPUT_WITH_WEAK_PULLUP                           ;        ;              ;         ; Row I/O    ;                 ; no       ; On           ;
; K2       ; 36         ; 2        ; RESERVED_INPUT_WITH_WEAK_PULLUP                           ;        ;              ;         ; Row I/O    ;                 ; no       ; On           ;
; K3       ;            ; 2        ; VCCIO2                                                    ; power  ;              ; 2.5V    ; --         ;                 ; --       ; --           ;
; K4       ;            ;          ; GND                                                       ; gnd    ;              ;         ; --         ;                 ; --       ; --           ;
; K5       ; 45         ; 2        ; RESERVED_INPUT_WITH_WEAK_PULLUP                           ;        ;              ;         ; Row I/O    ;                 ; no       ; On           ;
; K6       ;            ;          ; GND                                                       ; gnd    ;              ;         ; --         ;                 ; --       ; --           ;
; K7       ;            ;          ; VCCINT                                                    ; power  ;              ; 1.2V    ; --         ;                 ; --       ; --           ;
; K8       ;            ;          ; GND                                                       ; gnd    ;              ;         ; --         ;                 ; --       ; --           ;
; K9       ;            ;          ; VCCINT                                                    ; power  ;              ; 1.2V    ; --         ;                 ; --       ; --           ;
; K10      ;            ;          ; VCCINT                                                    ; power  ;              ; 1.2V    ; --         ;                 ; --       ; --           ;
; K11      ;            ;          ; VCCINT                                                    ; power  ;              ; 1.2V    ; --         ;                 ; --       ; --           ;
; K12      ;            ;          ; GND                                                       ; gnd    ;              ;         ; --         ;                 ; --       ; --           ;
; K13      ;            ;          ; GND                                                       ; gnd    ;              ;         ; --         ;                 ; --       ; --           ;
; K14      ;            ; 5        ; VCCIO5                                                    ; power  ;              ; 2.5V    ; --         ;                 ; --       ; --           ;
; K15      ; 141        ; 5        ; RESERVED_INPUT_WITH_WEAK_PULLUP                           ;        ;              ;         ; Row I/O    ;                 ; no       ; On           ;
; K16      ; 140        ; 5        ; RESERVED_INPUT_WITH_WEAK_PULLUP                           ;        ;              ;         ; Row I/O    ;                 ; no       ; On           ;
; L1       ; 39         ; 2        ; RESERVED_INPUT_WITH_WEAK_PULLUP                           ;        ;              ;         ; Row I/O    ;                 ; no       ; On           ;
; L2       ; 38         ; 2        ; RESERVED_INPUT_WITH_WEAK_PULLUP                           ;        ;              ;         ; Row I/O    ;                 ; no       ; On           ;
; L3       ; 40         ; 2        ; RESERVED_INPUT_WITH_WEAK_PULLUP                           ;        ;              ;         ; Row I/O    ;                 ; --       ; --           ;
; L4       ; 46         ; 2        ; RESERVED_INPUT_WITH_WEAK_PULLUP                           ;        ;              ;         ; Row I/O    ;                 ; no       ; On           ;
; L5       ;            ; --       ; VCCA1                                                     ; power  ;              ; 2.5V    ; --         ;                 ; --       ; --           ;
; L6       ;            ;          ; VCCINT                                                    ; power  ;              ; 1.2V    ; --         ;                 ; --       ; --           ;
; L7       ; 75         ; 3        ; RESERVED_INPUT_WITH_WEAK_PULLUP                           ;        ;              ;         ; Column I/O ;                 ; no       ; On           ;
; L8       ; 79         ; 3        ; RESERVED_INPUT_WITH_WEAK_PULLUP                           ;        ;              ;         ; Column I/O ;                 ; no       ; On           ;
; L9       ;            ;          ; GND                                                       ; gnd    ;              ;         ; --         ;                 ; --       ; --           ;
; L10      ;            ;          ; GND                                                       ; gnd    ;              ;         ; --         ;                 ; --       ; --           ;
; L11      ;            ;          ; GND                                                       ; gnd    ;              ;         ; --         ;                 ; --       ; --           ;
; L12      ;            ; --       ; VCCA4                                                     ; power  ;              ; 2.5V    ; --         ;                 ; --       ; --           ;
; L13      ; 136        ; 5        ; RESERVED_INPUT_WITH_WEAK_PULLUP                           ;        ;              ;         ; Row I/O    ;                 ; no       ; On           ;
; L14      ; 134        ; 5        ; RESERVED_INPUT_WITH_WEAK_PULLUP                           ;        ;              ;         ; Row I/O    ;                 ; --       ; --           ;
; L15      ; 138        ; 5        ; RESERVED_INPUT_WITH_WEAK_PULLUP                           ;        ;              ;         ; Row I/O    ;                 ; no       ; On           ;
; L16      ; 137        ; 5        ; RESERVED_INPUT_WITH_WEAK_PULLUP                           ;        ;              ;         ; Row I/O    ;                 ; no       ; On           ;
; M1       ; 28         ; 2        ; GND+                                                      ;        ;              ;         ; Row I/O    ;                 ; --       ; --           ;
; M2       ; 27         ; 2        ; GND+                                                      ;        ;              ;         ; Row I/O    ;                 ; --       ; --           ;
; M3       ;            ; 2        ; VCCIO2                                                    ; power  ;              ; 2.5V    ; --         ;                 ; --       ; --           ;
; M4       ;            ;          ; GND                                                       ; gnd    ;              ;         ; --         ;                 ; --       ; --           ;
; M5       ;            ;          ; GNDA1                                                     ; gnd    ;              ;         ; --         ;                 ; --       ; --           ;
; M6       ; 64         ; 3        ; RESERVED_INPUT_WITH_WEAK_PULLUP                           ;        ;              ;         ; Column I/O ;                 ; no       ; On           ;
; M7       ; 68         ; 3        ; RESERVED_INPUT_WITH_WEAK_PULLUP                           ;        ;              ;         ; Column I/O ;                 ; no       ; On           ;
; M8       ; 81         ; 3        ; RESERVED_INPUT_WITH_WEAK_PULLUP                           ;        ;              ;         ; Column I/O ;                 ; no       ; On           ;
; M9       ;            ;          ; VCCINT                                                    ; power  ;              ; 1.2V    ; --         ;                 ; --       ; --           ;
; M10      ; 111        ; 4        ; RESERVED_INPUT_WITH_WEAK_PULLUP                           ;        ;              ;         ; Column I/O ;                 ; no       ; On           ;
; M11      ;            ;          ; VCCINT                                                    ; power  ;              ; 1.2V    ; --         ;                 ; --       ; --           ;
; M12      ;            ;          ; GNDA4                                                     ; gnd    ;              ;         ; --         ;                 ; --       ; --           ;
; M13      ;            ;          ; GND                                                       ; gnd    ;              ;         ; --         ;                 ; --       ; --           ;
; M14      ;            ; 5        ; VCCIO5                                                    ; power  ;              ; 2.5V    ; --         ;                 ; --       ; --           ;
; M15      ; 149        ; 5        ; GND+                                                      ;        ;              ;         ; Row I/O    ;                 ; --       ; --           ;
; M16      ; 148        ; 5        ; GND+                                                      ;        ;              ;         ; Row I/O    ;                 ; --       ; --           ;
; N1       ; 44         ; 2        ; RESERVED_INPUT_WITH_WEAK_PULLUP                           ;        ;              ;         ; Row I/O    ;                 ; no       ; On           ;
; N2       ; 43         ; 2        ; RESERVED_INPUT_WITH_WEAK_PULLUP                           ;        ;              ;         ; Row I/O    ;                 ; no       ; On           ;
; N3       ; 52         ; 3        ; RESERVED_INPUT_WITH_WEAK_PULLUP                           ;        ;              ;         ; Column I/O ;                 ; no       ; On           ;
; N4       ;            ;          ; VCCD_PLL1                                                 ; power  ;              ; 1.2V    ; --         ;                 ; --       ; --           ;
; N5       ; 62         ; 3        ; RESERVED_INPUT_WITH_WEAK_PULLUP                           ;        ;              ;         ; Column I/O ;                 ; no       ; On           ;
; N6       ; 63         ; 3        ; RESERVED_INPUT_WITH_WEAK_PULLUP                           ;        ;              ;         ; Column I/O ;                 ; no       ; On           ;
; N7       ;            ;          ; GND                                                       ; gnd    ;              ;         ; --         ;                 ; --       ; --           ;
; N8       ; 82         ; 3        ; RESERVED_INPUT_WITH_WEAK_PULLUP                           ;        ;              ;         ; Column I/O ;                 ; no       ; On           ;
; N9       ; 93         ; 4        ; RESERVED_INPUT_WITH_WEAK_PULLUP                           ;        ;              ;         ; Column I/O ;                 ; no       ; On           ;
; N10      ;            ;          ; GND                                                       ; gnd    ;              ;         ; --         ;                 ; --       ; --           ;
; N11      ; 112        ; 4        ; RESERVED_INPUT_WITH_WEAK_PULLUP                           ;        ;              ;         ; Column I/O ;                 ; no       ; On           ;
; N12      ; 117        ; 4        ; RESERVED_INPUT_WITH_WEAK_PULLUP                           ;        ;              ;         ; Column I/O ;                 ; no       ; On           ;
; N13      ;            ;          ; VCCD_PLL4                                                 ; power  ;              ; 1.2V    ; --         ;                 ; --       ; --           ;
; N14      ; 126        ; 5        ; RESERVED_INPUT_WITH_WEAK_PULLUP                           ;        ;              ;         ; Row I/O    ;                 ; no       ; On           ;
; N15      ; 133        ; 5        ; RESERVED_INPUT_WITH_WEAK_PULLUP                           ;        ;              ;         ; Row I/O    ;                 ; no       ; On           ;
; N16      ; 132        ; 5        ; RESERVED_INPUT_WITH_WEAK_PULLUP                           ;        ;              ;         ; Row I/O    ;                 ; no       ; On           ;
; P1       ; 51         ; 2        ; RESERVED_INPUT_WITH_WEAK_PULLUP                           ;        ;              ;         ; Row I/O    ;                 ; no       ; On           ;
; P2       ; 50         ; 2        ; RESERVED_INPUT_WITH_WEAK_PULLUP                           ;        ;              ;         ; Row I/O    ;                 ; no       ; On           ;
; P3       ; 53         ; 3        ; RESERVED_INPUT_WITH_WEAK_PULLUP                           ;        ;              ;         ; Column I/O ;                 ; no       ; On           ;
; P4       ;            ; 3        ; VCCIO3                                                    ; power  ;              ; 2.5V    ; --         ;                 ; --       ; --           ;
; P5       ;            ;          ; GND                                                       ; gnd    ;              ;         ; --         ;                 ; --       ; --           ;
; P6       ; 67         ; 3        ; RESERVED_INPUT_WITH_WEAK_PULLUP                           ;        ;              ;         ; Column I/O ;                 ; --       ; --           ;
; P7       ;            ; 3        ; VCCIO3                                                    ; power  ;              ; 2.5V    ; --         ;                 ; --       ; --           ;
; P8       ; 85         ; 3        ; RESERVED_INPUT_WITH_WEAK_PULLUP                           ;        ;              ;         ; Column I/O ;                 ; no       ; On           ;
; P9       ; 105        ; 4        ; RESERVED_INPUT_WITH_WEAK_PULLUP                           ;        ;              ;         ; Column I/O ;                 ; no       ; On           ;
; P10      ;            ; 4        ; VCCIO4                                                    ; power  ;              ; 2.5V    ; --         ;                 ; --       ; --           ;
; P11      ; 106        ; 4        ; RESERVED_INPUT_WITH_WEAK_PULLUP                           ;        ;              ;         ; Column I/O ;                 ; --       ; --           ;
; P12      ;            ;          ; GND                                                       ; gnd    ;              ;         ; --         ;                 ; --       ; --           ;
; P13      ;            ; 4        ; VCCIO4                                                    ; power  ;              ; 2.5V    ; --         ;                 ; --       ; --           ;
; P14      ; 119        ; 4        ; RESERVED_INPUT_WITH_WEAK_PULLUP                           ;        ;              ;         ; Column I/O ;                 ; no       ; On           ;
; P15      ; 127        ; 5        ; RESERVED_INPUT_WITH_WEAK_PULLUP                           ;        ;              ;         ; Row I/O    ;                 ; no       ; On           ;
; P16      ; 128        ; 5        ; RESERVED_INPUT_WITH_WEAK_PULLUP                           ;        ;              ;         ; Row I/O    ;                 ; no       ; On           ;
; R1       ; 49         ; 2        ; RESERVED_INPUT_WITH_WEAK_PULLUP                           ;        ;              ;         ; Row I/O    ;                 ; no       ; On           ;
; R2       ;            ;          ; GND                                                       ; gnd    ;              ;         ; --         ;                 ; --       ; --           ;
; R3       ; 54         ; 3        ; RESERVED_INPUT_WITH_WEAK_PULLUP                           ;        ;              ;         ; Column I/O ;                 ; no       ; On           ;
; R4       ; 60         ; 3        ; RESERVED_INPUT_WITH_WEAK_PULLUP                           ;        ;              ;         ; Column I/O ;                 ; no       ; On           ;
; R5       ; 71         ; 3        ; RESERVED_INPUT_WITH_WEAK_PULLUP                           ;        ;              ;         ; Column I/O ;                 ; no       ; On           ;
; R6       ; 73         ; 3        ; RESERVED_INPUT_WITH_WEAK_PULLUP                           ;        ;              ;         ; Column I/O ;                 ; no       ; On           ;
; R7       ; 76         ; 3        ; RESERVED_INPUT_WITH_WEAK_PULLUP                           ;        ;              ;         ; Column I/O ;                 ; no       ; On           ;
; R8       ; 86         ; 3        ; CLOCK_50                                                  ; input  ; 2.5 V        ;         ; Column I/O ; Y               ; no       ; Off          ;
; R9       ; 88         ; 4        ; GND+                                                      ;        ;              ;         ; Column I/O ;                 ; --       ; --           ;
; R10      ; 96         ; 4        ; RESERVED_INPUT_WITH_WEAK_PULLUP                           ;        ;              ;         ; Column I/O ;                 ; no       ; On           ;
; R11      ; 98         ; 4        ; RESERVED_INPUT_WITH_WEAK_PULLUP                           ;        ;              ;         ; Column I/O ;                 ; no       ; On           ;
; R12      ; 100        ; 4        ; RESERVED_INPUT_WITH_WEAK_PULLUP                           ;        ;              ;         ; Column I/O ;                 ; no       ; On           ;
; R13      ; 107        ; 4        ; RESERVED_INPUT_WITH_WEAK_PULLUP                           ;        ;              ;         ; Column I/O ;                 ; no       ; On           ;
; R14      ; 120        ; 4        ; RESERVED_INPUT_WITH_WEAK_PULLUP                           ;        ;              ;         ; Column I/O ;                 ; no       ; On           ;
; R15      ;            ;          ; GND                                                       ; gnd    ;              ;         ; --         ;                 ; --       ; --           ;
; R16      ; 129        ; 5        ; RESERVED_INPUT_WITH_WEAK_PULLUP                           ;        ;              ;         ; Row I/O    ;                 ; no       ; On           ;
; T1       ;            ; 3        ; VCCIO3                                                    ; power  ;              ; 2.5V    ; --         ;                 ; --       ; --           ;
; T2       ; 59         ; 3        ; RESERVED_INPUT_WITH_WEAK_PULLUP                           ;        ;              ;         ; Column I/O ;                 ; no       ; On           ;
; T3       ; 55         ; 3        ; RESERVED_INPUT_WITH_WEAK_PULLUP                           ;        ;              ;         ; Column I/O ;                 ; no       ; On           ;
; T4       ; 61         ; 3        ; RESERVED_INPUT_WITH_WEAK_PULLUP                           ;        ;              ;         ; Column I/O ;                 ; no       ; On           ;
; T5       ; 72         ; 3        ; RESERVED_INPUT_WITH_WEAK_PULLUP                           ;        ;              ;         ; Column I/O ;                 ; no       ; On           ;
; T6       ; 74         ; 3        ; RESERVED_INPUT_WITH_WEAK_PULLUP                           ;        ;              ;         ; Column I/O ;                 ; no       ; On           ;
; T7       ; 77         ; 3        ; RESERVED_INPUT_WITH_WEAK_PULLUP                           ;        ;              ;         ; Column I/O ;                 ; no       ; On           ;
; T8       ; 87         ; 3        ; GND+                                                      ;        ;              ;         ; Column I/O ;                 ; --       ; --           ;
; T9       ; 89         ; 4        ; GND+                                                      ;        ;              ;         ; Column I/O ;                 ; --       ; --           ;
; T10      ; 97         ; 4        ; RESERVED_INPUT_WITH_WEAK_PULLUP                           ;        ;              ;         ; Column I/O ;                 ; no       ; On           ;
; T11      ; 99         ; 4        ; RESERVED_INPUT_WITH_WEAK_PULLUP                           ;        ;              ;         ; Column I/O ;                 ; no       ; On           ;
; T12      ; 101        ; 4        ; RESERVED_INPUT_WITH_WEAK_PULLUP                           ;        ;              ;         ; Column I/O ;                 ; no       ; On           ;
; T13      ; 108        ; 4        ; RESERVED_INPUT_WITH_WEAK_PULLUP                           ;        ;              ;         ; Column I/O ;                 ; no       ; On           ;
; T14      ; 115        ; 4        ; RESERVED_INPUT_WITH_WEAK_PULLUP                           ;        ;              ;         ; Column I/O ;                 ; no       ; On           ;
; T15      ; 116        ; 4        ; RESERVED_INPUT_WITH_WEAK_PULLUP                           ;        ;              ;         ; Column I/O ;                 ; no       ; On           ;
; T16      ;            ; 4        ; VCCIO4                                                    ; power  ;              ; 2.5V    ; --         ;                 ; --       ; --           ;
+----------+------------+----------+-----------------------------------------------------------+--------+--------------+---------+------------+-----------------+----------+--------------+
Note: Pin directions (input, output or bidir) are based on device operating in user mode.


+------------------------------------------+
; I/O Assignment Warnings                  ;
+----------+-------------------------------+
; Pin Name ; Reason                        ;
+----------+-------------------------------+
; UART_TX  ; Incomplete set of assignments ;
; CLOCK_50 ; Incomplete set of assignments ;
; RESET_N  ; Incomplete set of assignments ;
; UART_RX  ; Incomplete set of assignments ;
+----------+-------------------------------+


+-----------------------------------------------------------------------------------------------------------------------------------------------------------------------------------------------------------------------------------------------------------------------------------------------------------------------------------------------------+
; Fitter Resource Utilization by Entity                                                                                                                                                                                                                                                                                                               ;
+---------------------------------------+-------------+---------------------------+---------------+-------------+------+--------------+---------+-----------+------+--------------+--------------+-------------------+------------------+-------------------------------------------------------------------------------+--------------+--------------+
; Compilation Hierarchy Node            ; Logic Cells ; Dedicated Logic Registers ; I/O Registers ; Memory Bits ; M9Ks ; DSP Elements ; DSP 9x9 ; DSP 18x18 ; Pins ; Virtual Pins ; LUT-Only LCs ; Register-Only LCs ; LUT/Register LCs ; Full Hierarchy Name                                                           ; Entity Name  ; Library Name ;
+---------------------------------------+-------------+---------------------------+---------------+-------------+------+--------------+---------+-----------+------+--------------+--------------+-------------------+------------------+-------------------------------------------------------------------------------+--------------+--------------+
; |fpu_qp                               ; 2450 (0)    ; 1294 (0)                  ; 0 (0)         ; 0           ; 0    ; 7            ; 1       ; 3         ; 4    ; 0            ; 1156 (0)     ; 323 (0)           ; 971 (0)          ; |fpu_qp                                                                       ; fpu_qp       ; work         ;
;    |fpu_top:u_fpu|                    ; 1903 (12)   ; 974 (3)                   ; 0 (0)         ; 0           ; 0    ; 7            ; 1       ; 3         ; 0    ; 0            ; 929 (9)      ; 286 (0)           ; 688 (3)          ; |fpu_qp|fpu_top:u_fpu                                                         ; fpu_top      ; work         ;
;       |adder:u_add|                   ; 705 (705)   ; 285 (285)                 ; 0 (0)         ; 0           ; 0    ; 0            ; 0       ; 0         ; 0    ; 0            ; 419 (419)    ; 127 (127)         ; 159 (159)        ; |fpu_qp|fpu_top:u_fpu|adder:u_add                                             ; adder        ; work         ;
;       |divider:u_div|                 ; 679 (679)   ; 386 (386)                 ; 0 (0)         ; 0           ; 0    ; 0            ; 0       ; 0         ; 0    ; 0            ; 293 (293)    ; 82 (82)           ; 304 (304)        ; |fpu_qp|fpu_top:u_fpu|divider:u_div                                           ; divider      ; work         ;
;       |multiplier:u_mul|              ; 508 (483)   ; 300 (300)                 ; 0 (0)         ; 0           ; 0    ; 7            ; 1       ; 3         ; 0    ; 0            ; 208 (188)    ; 77 (77)           ; 223 (218)        ; |fpu_qp|fpu_top:u_fpu|multiplier:u_mul                                        ; multiplier   ; work         ;
;          |lpm_mult:Mult0|             ; 25 (0)      ; 0 (0)                     ; 0 (0)         ; 0           ; 0    ; 7            ; 1       ; 3         ; 0    ; 0            ; 20 (0)       ; 0 (0)             ; 5 (0)            ; |fpu_qp|fpu_top:u_fpu|multiplier:u_mul|lpm_mult:Mult0                         ; lpm_mult     ; work         ;
;             |mult_bdt:auto_generated| ; 25 (25)     ; 0 (0)                     ; 0 (0)         ; 0           ; 0    ; 7            ; 1       ; 3         ; 0    ; 0            ; 20 (20)      ; 0 (0)             ; 5 (5)            ; |fpu_qp|fpu_top:u_fpu|multiplier:u_mul|lpm_mult:Mult0|mult_bdt:auto_generated ; mult_bdt     ; work         ;
;    |fpu_uart_cmd:u_cmd|               ; 433 (433)   ; 257 (257)                 ; 0 (0)         ; 0           ; 0    ; 0            ; 0       ; 0         ; 0    ; 0            ; 176 (176)    ; 37 (37)           ; 220 (220)        ; |fpu_qp|fpu_uart_cmd:u_cmd                                                    ; fpu_uart_cmd ; work         ;
;    |uart_rx:u_rx|                     ; 65 (65)     ; 36 (36)                   ; 0 (0)         ; 0           ; 0    ; 0            ; 0       ; 0         ; 0    ; 0            ; 29 (29)      ; 0 (0)             ; 36 (36)          ; |fpu_qp|uart_rx:u_rx                                                          ; uart_rx      ; work         ;
;    |uart_tx:u_tx|                     ; 49 (49)     ; 27 (27)                   ; 0 (0)         ; 0           ; 0    ; 0            ; 0       ; 0         ; 0    ; 0            ; 22 (22)      ; 0 (0)             ; 27 (27)          ; |fpu_qp|uart_tx:u_tx                                                          ; uart_tx      ; work         ;
+---------------------------------------+-------------+---------------------------+---------------+-------------+------+--------------+---------+-----------+------+--------------+--------------+-------------------+------------------+-------------------------------------------------------------------------------+--------------+--------------+
Note: For table entries with two numbers listed, the numbers in parentheses indicate the number of resources of the given type used by the specific entity alone. The numbers listed outside of parentheses indicate the total resources of the given type used by the specific entity and all of its sub-entities in the hierarchy.


+------------------------------------------------------------------------------------------+
; Delay Chain Summary                                                                      ;
+----------+----------+---------------+---------------+-----------------------+-----+------+
; Name     ; Pin Type ; Pad to Core 0 ; Pad to Core 1 ; Pad to Input Register ; TCO ; TCOE ;
+----------+----------+---------------+---------------+-----------------------+-----+------+
; UART_TX  ; Output   ; --            ; --            ; --                    ; --  ; --   ;
; CLOCK_50 ; Input    ; (0) 0 ps      ; --            ; --                    ; --  ; --   ;
; RESET_N  ; Input    ; (6) 1314 ps   ; --            ; --                    ; --  ; --   ;
; UART_RX  ; Input    ; (6) 1314 ps   ; --            ; --                    ; --  ; --   ;
+----------+----------+---------------+---------------+-----------------------+-----+------+


+---------------------------------------------------------------------------------------+
; Pad To Core Delay Chain Fanout                                                        ;
+---------------------------------------------------------+-------------------+---------+
; Source Pin / Fanout                                     ; Pad To Core Index ; Setting ;
+---------------------------------------------------------+-------------------+---------+
; CLOCK_50                                                ;                   ;         ;
; RESET_N                                                 ;                   ;         ;
;      - uart_tx:u_tx|tx                                  ; 0                 ; 6       ;
;      - fpu_uart_cmd:u_cmd|output_z_ack                  ; 0                 ; 6       ;
;      - fpu_top:u_fpu|divider:u_div|s_output_z_stb       ; 0                 ; 6       ;
;      - fpu_top:u_fpu|busy                               ; 0                 ; 6       ;
;      - fpu_uart_cmd:u_cmd|input_a_stb                   ; 0                 ; 6       ;
;      - fpu_top:u_fpu|divider:u_div|s_input_a_ack        ; 0                 ; 6       ;
;      - fpu_uart_cmd:u_cmd|input_b_stb                   ; 0                 ; 6       ;
;      - fpu_top:u_fpu|divider:u_div|s_input_b_ack        ; 0                 ; 6       ;
;      - fpu_top:u_fpu|multiplier:u_mul|s_output_z_stb    ; 0                 ; 6       ;
;      - fpu_top:u_fpu|multiplier:u_mul|s_input_a_ack     ; 0                 ; 6       ;
;      - fpu_top:u_fpu|multiplier:u_mul|s_input_b_ack     ; 0                 ; 6       ;
;      - fpu_top:u_fpu|adder:u_add|s_output_z_stb         ; 0                 ; 6       ;
;      - fpu_top:u_fpu|adder:u_add|s_input_a_ack          ; 0                 ; 6       ;
;      - fpu_top:u_fpu|adder:u_add|s_input_b_ack          ; 0                 ; 6       ;
;      - uart_rx:u_rx|rx_dv                               ; 0                 ; 6       ;
;      - fpu_uart_cmd:u_cmd|z_wait_cnt[31]                ; 0                 ; 6       ;
;      - fpu_uart_cmd:u_cmd|z_wait_cnt[30]                ; 0                 ; 6       ;
;      - fpu_uart_cmd:u_cmd|z_wait_cnt[29]                ; 0                 ; 6       ;
;      - fpu_uart_cmd:u_cmd|z_wait_cnt[28]                ; 0                 ; 6       ;
;      - fpu_uart_cmd:u_cmd|z_wait_cnt[27]                ; 0                 ; 6       ;
;      - fpu_uart_cmd:u_cmd|z_wait_cnt[26]                ; 0                 ; 6       ;
;      - fpu_uart_cmd:u_cmd|z_wait_cnt[25]                ; 0                 ; 6       ;
;      - fpu_uart_cmd:u_cmd|z_wait_cnt[24]                ; 0                 ; 6       ;
;      - fpu_uart_cmd:u_cmd|z_wait_cnt[23]                ; 0                 ; 6       ;
;      - fpu_uart_cmd:u_cmd|z_wait_cnt[22]                ; 0                 ; 6       ;
;      - fpu_uart_cmd:u_cmd|z_wait_cnt[21]                ; 0                 ; 6       ;
;      - fpu_uart_cmd:u_cmd|z_wait_cnt[20]                ; 0                 ; 6       ;
;      - fpu_uart_cmd:u_cmd|z_wait_cnt[19]                ; 0                 ; 6       ;
;      - fpu_uart_cmd:u_cmd|z_wait_cnt[18]                ; 0                 ; 6       ;
;      - fpu_uart_cmd:u_cmd|z_wait_cnt[17]                ; 0                 ; 6       ;
;      - fpu_uart_cmd:u_cmd|z_wait_cnt[16]                ; 0                 ; 6       ;
;      - fpu_uart_cmd:u_cmd|z_wait_cnt[15]                ; 0                 ; 6       ;
;      - fpu_uart_cmd:u_cmd|z_wait_cnt[14]                ; 0                 ; 6       ;
;      - fpu_uart_cmd:u_cmd|z_wait_cnt[13]                ; 0                 ; 6       ;
;      - fpu_uart_cmd:u_cmd|z_wait_cnt[12]                ; 0                 ; 6       ;
;      - fpu_uart_cmd:u_cmd|z_wait_cnt[11]                ; 0                 ; 6       ;
;      - fpu_uart_cmd:u_cmd|z_wait_cnt[10]                ; 0                 ; 6       ;
;      - fpu_uart_cmd:u_cmd|z_wait_cnt[9]                 ; 0                 ; 6       ;
;      - fpu_uart_cmd:u_cmd|z_wait_cnt[8]                 ; 0                 ; 6       ;
;      - fpu_uart_cmd:u_cmd|z_wait_cnt[7]                 ; 0                 ; 6       ;
;      - uart_tx:u_tx|tx_active                           ; 0                 ; 6       ;
;      - fpu_uart_cmd:u_cmd|tx_dv                         ; 0                 ; 6       ;
;      - uart_tx:u_tx|bit_idx[0]                          ; 0                 ; 6       ;
;      - uart_tx:u_tx|bit_idx[1]                          ; 0                 ; 6       ;
;      - uart_tx:u_tx|bit_idx[2]                          ; 0                 ; 6       ;
;      - uart_rx:u_rx|bit_idx[0]                          ; 0                 ; 6       ;
;      - uart_rx:u_rx|bit_idx[1]                          ; 0                 ; 6       ;
;      - uart_rx:u_rx|bit_idx[2]                          ; 0                 ; 6       ;
;      - uart_rx:u_rx|data_buf[3]                         ; 0                 ; 6       ;
;      - uart_rx:u_rx|data_buf[2]                         ; 0                 ; 6       ;
;      - uart_rx:u_rx|data_buf[1]                         ; 0                 ; 6       ;
;      - uart_rx:u_rx|data_buf[0]                         ; 0                 ; 6       ;
;      - uart_rx:u_rx|data_buf[4]                         ; 0                 ; 6       ;
;      - uart_rx:u_rx|data_buf[5]                         ; 0                 ; 6       ;
;      - uart_rx:u_rx|data_buf[6]                         ; 0                 ; 6       ;
;      - uart_rx:u_rx|data_buf[7]                         ; 0                 ; 6       ;
;      - fpu_uart_cmd:u_cmd|z_wait_cnt[6]                 ; 0                 ; 6       ;
;      - fpu_uart_cmd:u_cmd|z_wait_cnt[5]                 ; 0                 ; 6       ;
;      - fpu_uart_cmd:u_cmd|z_wait_cnt[4]                 ; 0                 ; 6       ;
;      - fpu_uart_cmd:u_cmd|z_wait_cnt[3]                 ; 0                 ; 6       ;
;      - fpu_uart_cmd:u_cmd|z_wait_cnt[2]                 ; 0                 ; 6       ;
;      - fpu_uart_cmd:u_cmd|z_wait_cnt[1]                 ; 0                 ; 6       ;
;      - fpu_uart_cmd:u_cmd|z_wait_cnt[0]                 ; 0                 ; 6       ;
;      - fpu_uart_cmd:u_cmd|tx_byte[7]                    ; 0                 ; 6       ;
;      - fpu_uart_cmd:u_cmd|tx_byte[6]                    ; 0                 ; 6       ;
;      - fpu_uart_cmd:u_cmd|tx_byte[5]                    ; 0                 ; 6       ;
;      - fpu_uart_cmd:u_cmd|tx_byte[4]                    ; 0                 ; 6       ;
;      - fpu_uart_cmd:u_cmd|tx_byte[3]                    ; 0                 ; 6       ;
;      - fpu_uart_cmd:u_cmd|tx_byte[2]                    ; 0                 ; 6       ;
;      - fpu_uart_cmd:u_cmd|tx_byte[1]                    ; 0                 ; 6       ;
;      - fpu_uart_cmd:u_cmd|tx_byte[0]                    ; 0                 ; 6       ;
;      - fpu_uart_cmd:u_cmd|status[4]                     ; 0                 ; 6       ;
;      - fpu_uart_cmd:u_cmd|status[1]                     ; 0                 ; 6       ;
;      - fpu_uart_cmd:u_cmd|status[0]                     ; 0                 ; 6       ;
;      - fpu_uart_cmd:u_cmd|b_buf[23]                     ; 0                 ; 6       ;
;      - fpu_uart_cmd:u_cmd|b_buf[0]                      ; 0                 ; 6       ;
;      - fpu_uart_cmd:u_cmd|b_buf[15]                     ; 0                 ; 6       ;
;      - fpu_uart_cmd:u_cmd|a_buf[23]                     ; 0                 ; 6       ;
;      - fpu_uart_cmd:u_cmd|a_buf[0]                      ; 0                 ; 6       ;
;      - fpu_uart_cmd:u_cmd|a_buf[15]                     ; 0                 ; 6       ;
;      - fpu_uart_cmd:u_cmd|state.S_GET_OP                ; 0                 ; 6       ;
;      - fpu_top:u_fpu|adder:u_add|state.put_z            ; 0                 ; 6       ;
;      - fpu_top:u_fpu|divider:u_div|state.put_z          ; 0                 ; 6       ;
;      - fpu_top:u_fpu|multiplier:u_mul|state.put_z       ; 0                 ; 6       ;
;      - fpu_top:u_fpu|adder:u_add|state.normalise_1      ; 0                 ; 6       ;
;      - fpu_top:u_fpu|adder:u_add|state.align            ; 0                 ; 6       ;
;      - fpu_top:u_fpu|divider:u_div|state.normalise_a    ; 0                 ; 6       ;
;      - fpu_top:u_fpu|divider:u_div|state.normalise_1    ; 0                 ; 6       ;
;      - fpu_top:u_fpu|multiplier:u_mul|state.normalise_1 ; 0                 ; 6       ;
;      - fpu_top:u_fpu|multiplier:u_mul|state.normalise_a ; 0                 ; 6       ;
;      - fpu_top:u_fpu|divider:u_div|state.divide_1       ; 0                 ; 6       ;
;      - uart_tx:u_tx|state~20                            ; 0                 ; 6       ;
;      - uart_tx:u_tx|data_buf~0                          ; 0                 ; 6       ;
;      - uart_tx:u_tx|data_buf[3]~1                       ; 0                 ; 6       ;
;      - uart_tx:u_tx|data_buf~2                          ; 0                 ; 6       ;
;      - uart_tx:u_tx|data_buf~3                          ; 0                 ; 6       ;
;      - uart_tx:u_tx|data_buf~4                          ; 0                 ; 6       ;
;      - uart_tx:u_tx|data_buf~5                          ; 0                 ; 6       ;
;      - uart_tx:u_tx|data_buf~6                          ; 0                 ; 6       ;
;      - uart_tx:u_tx|data_buf~7                          ; 0                 ; 6       ;
;      - uart_tx:u_tx|data_buf~8                          ; 0                 ; 6       ;
;      - uart_tx:u_tx|state~22                            ; 0                 ; 6       ;
;      - uart_tx:u_tx|state~23                            ; 0                 ; 6       ;
;      - uart_tx:u_tx|state~24                            ; 0                 ; 6       ;
;      - uart_tx:u_tx|state~26                            ; 0                 ; 6       ;
;      - uart_tx:u_tx|clk_cnt[5]~13                       ; 0                 ; 6       ;
;      - uart_tx:u_tx|clk_cnt[5]~14                       ; 0                 ; 6       ;
;      - fpu_uart_cmd:u_cmd|tx_byte[3]~3                  ; 0                 ; 6       ;
;      - fpu_uart_cmd:u_cmd|state~34                      ; 0                 ; 6       ;
;      - fpu_uart_cmd:u_cmd|state~35                      ; 0                 ; 6       ;
;      - fpu_uart_cmd:u_cmd|state~36                      ; 0                 ; 6       ;
;      - fpu_uart_cmd:u_cmd|state~52                      ; 0                 ; 6       ;
;      - fpu_uart_cmd:u_cmd|state~53                      ; 0                 ; 6       ;
;      - fpu_uart_cmd:u_cmd|state~54                      ; 0                 ; 6       ;
;      - fpu_uart_cmd:u_cmd|state~55                      ; 0                 ; 6       ;
;      - fpu_uart_cmd:u_cmd|state~56                      ; 0                 ; 6       ;
;      - fpu_uart_cmd:u_cmd|z_buf[0]~39                   ; 0                 ; 6       ;
;      - fpu_uart_cmd:u_cmd|status[4]~2                   ; 0                 ; 6       ;
;      - fpu_uart_cmd:u_cmd|byte_idx~2                    ; 0                 ; 6       ;
;      - fpu_uart_cmd:u_cmd|byte_idx[2]~6                 ; 0                 ; 6       ;
;      - fpu_uart_cmd:u_cmd|byte_idx~7                    ; 0                 ; 6       ;
;      - fpu_uart_cmd:u_cmd|state~59                      ; 0                 ; 6       ;
;      - fpu_uart_cmd:u_cmd|state~70                      ; 0                 ; 6       ;
;      - fpu_uart_cmd:u_cmd|state~78                      ; 0                 ; 6       ;
;      - fpu_uart_cmd:u_cmd|state~79                      ; 0                 ; 6       ;
;      - fpu_uart_cmd:u_cmd|state~81                      ; 0                 ; 6       ;
;      - fpu_uart_cmd:u_cmd|b_buf[28]~0                   ; 0                 ; 6       ;
;      - fpu_uart_cmd:u_cmd|rx_gap_cnt[0]~69              ; 0                 ; 6       ;
;      - uart_rx:u_rx|rx_byte~1                           ; 0                 ; 6       ;
;      - uart_rx:u_rx|rx_byte[7]~2                        ; 0                 ; 6       ;
;      - uart_rx:u_rx|rx_byte~3                           ; 0                 ; 6       ;
;      - uart_rx:u_rx|rx_byte~4                           ; 0                 ; 6       ;
;      - uart_rx:u_rx|rx_byte~5                           ; 0                 ; 6       ;
;      - uart_rx:u_rx|rx_byte~6                           ; 0                 ; 6       ;
;      - uart_rx:u_rx|rx_byte~7                           ; 0                 ; 6       ;
;      - uart_rx:u_rx|rx_byte~8                           ; 0                 ; 6       ;
;      - uart_rx:u_rx|rx_byte~9                           ; 0                 ; 6       ;
;      - fpu_top:u_fpu|op_lat~0                           ; 0                 ; 6       ;
;      - fpu_top:u_fpu|op_lat[1]~1                        ; 0                 ; 6       ;
;      - fpu_uart_cmd:u_cmd|op~1                          ; 0                 ; 6       ;
;      - fpu_uart_cmd:u_cmd|op[0]~2                       ; 0                 ; 6       ;
;      - fpu_top:u_fpu|op_lat~2                           ; 0                 ; 6       ;
;      - fpu_uart_cmd:u_cmd|op~3                          ; 0                 ; 6       ;
;      - uart_rx:u_rx|rx_ff2~0                            ; 0                 ; 6       ;
;      - uart_rx:u_rx|state~19                            ; 0                 ; 6       ;
;      - uart_rx:u_rx|clk_cnt[0]~20                       ; 0                 ; 6       ;
;      - uart_rx:u_rx|clk_cnt[0]~21                       ; 0                 ; 6       ;
;      - uart_rx:u_rx|rx_ff1~0                            ; 0                 ; 6       ;
;      - uart_rx:u_rx|state.S_DATA~1                      ; 0                 ; 6       ;
;      - uart_rx:u_rx|state~23                            ; 0                 ; 6       ;
;      - uart_rx:u_rx|state~24                            ; 0                 ; 6       ;
;      - uart_rx:u_rx|state~25                            ; 0                 ; 6       ;
;      - fpu_top:u_fpu|multiplier:u_mul|state~39          ; 0                 ; 6       ;
;      - fpu_top:u_fpu|multiplier:u_mul|state~40          ; 0                 ; 6       ;
;      - fpu_top:u_fpu|divider:u_div|state~43             ; 0                 ; 6       ;
;      - fpu_top:u_fpu|divider:u_div|state~44             ; 0                 ; 6       ;
;      - fpu_top:u_fpu|adder:u_add|state~39               ; 0                 ; 6       ;
;      - fpu_top:u_fpu|adder:u_add|state~41               ; 0                 ; 6       ;
;      - fpu_top:u_fpu|multiplier:u_mul|state~42          ; 0                 ; 6       ;
;      - fpu_top:u_fpu|divider:u_div|state~45             ; 0                 ; 6       ;
;      - fpu_top:u_fpu|multiplier:u_mul|state~43          ; 0                 ; 6       ;
;      - fpu_top:u_fpu|multiplier:u_mul|state~44          ; 0                 ; 6       ;
;      - fpu_top:u_fpu|divider:u_div|state~46             ; 0                 ; 6       ;
;      - fpu_top:u_fpu|divider:u_div|state~47             ; 0                 ; 6       ;
;      - fpu_top:u_fpu|adder:u_add|state~43               ; 0                 ; 6       ;
;      - fpu_top:u_fpu|adder:u_add|state~44               ; 0                 ; 6       ;
;      - fpu_top:u_fpu|multiplier:u_mul|state~46          ; 0                 ; 6       ;
;      - fpu_top:u_fpu|multiplier:u_mul|state~48          ; 0                 ; 6       ;
;      - fpu_top:u_fpu|multiplier:u_mul|state~49          ; 0                 ; 6       ;
;      - fpu_top:u_fpu|multiplier:u_mul|state~52          ; 0                 ; 6       ;
;      - fpu_top:u_fpu|divider:u_div|state~50             ; 0                 ; 6       ;
;      - fpu_top:u_fpu|divider:u_div|state~52             ; 0                 ; 6       ;
;      - fpu_top:u_fpu|adder:u_add|state~46               ; 0                 ; 6       ;
;      - fpu_top:u_fpu|adder:u_add|state~48               ; 0                 ; 6       ;
;      - fpu_top:u_fpu|adder:u_add|state~49               ; 0                 ; 6       ;
;      - fpu_top:u_fpu|adder:u_add|state~50               ; 0                 ; 6       ;
;      - fpu_top:u_fpu|adder:u_add|state~51               ; 0                 ; 6       ;
;      - fpu_top:u_fpu|divider:u_div|state~53             ; 0                 ; 6       ;
;      - fpu_top:u_fpu|divider:u_div|state~54             ; 0                 ; 6       ;
;      - fpu_top:u_fpu|divider:u_div|state~55             ; 0                 ; 6       ;
;      - fpu_top:u_fpu|divider:u_div|state~56             ; 0                 ; 6       ;
;      - fpu_uart_cmd:u_cmd|input_a~0                     ; 0                 ; 6       ;
;      - fpu_uart_cmd:u_cmd|state~83                      ; 0                 ; 6       ;
;      - fpu_uart_cmd:u_cmd|input_a~1                     ; 0                 ; 6       ;
;      - fpu_uart_cmd:u_cmd|input_a~2                     ; 0                 ; 6       ;
;      - fpu_uart_cmd:u_cmd|input_a~3                     ; 0                 ; 6       ;
;      - fpu_uart_cmd:u_cmd|input_a~4                     ; 0                 ; 6       ;
;      - fpu_uart_cmd:u_cmd|input_a~5                     ; 0                 ; 6       ;
;      - fpu_uart_cmd:u_cmd|input_a~6                     ; 0                 ; 6       ;
;      - fpu_uart_cmd:u_cmd|input_a~7                     ; 0                 ; 6       ;
;      - fpu_uart_cmd:u_cmd|input_a~8                     ; 0                 ; 6       ;
;      - fpu_uart_cmd:u_cmd|input_a~9                     ; 0                 ; 6       ;
;      - fpu_uart_cmd:u_cmd|input_a~10                    ; 0                 ; 6       ;
;      - fpu_uart_cmd:u_cmd|input_a~11                    ; 0                 ; 6       ;
;      - fpu_uart_cmd:u_cmd|input_a~12                    ; 0                 ; 6       ;
;      - fpu_uart_cmd:u_cmd|input_a~13                    ; 0                 ; 6       ;
;      - fpu_uart_cmd:u_cmd|input_a~14                    ; 0                 ; 6       ;
;      - fpu_uart_cmd:u_cmd|input_a~15                    ; 0                 ; 6       ;
;      - fpu_uart_cmd:u_cmd|input_a~16                    ; 0                 ; 6       ;
;      - fpu_uart_cmd:u_cmd|input_a~17                    ; 0                 ; 6       ;
;      - fpu_uart_cmd:u_cmd|input_a~18                    ; 0                 ; 6       ;
;      - fpu_uart_cmd:u_cmd|input_a~19                    ; 0                 ; 6       ;
;      - fpu_uart_cmd:u_cmd|input_a~20                    ; 0                 ; 6       ;
;      - fpu_uart_cmd:u_cmd|input_a~21                    ; 0                 ; 6       ;
;      - fpu_uart_cmd:u_cmd|input_a~22                    ; 0                 ; 6       ;
;      - fpu_uart_cmd:u_cmd|input_a~23                    ; 0                 ; 6       ;
;      - fpu_uart_cmd:u_cmd|input_a~24                    ; 0                 ; 6       ;
;      - fpu_uart_cmd:u_cmd|input_a~25                    ; 0                 ; 6       ;
;      - fpu_uart_cmd:u_cmd|input_a~26                    ; 0                 ; 6       ;
;      - fpu_uart_cmd:u_cmd|input_a~27                    ; 0                 ; 6       ;
;      - fpu_uart_cmd:u_cmd|input_a~28                    ; 0                 ; 6       ;
;      - fpu_uart_cmd:u_cmd|input_a~29                    ; 0                 ; 6       ;
;      - fpu_uart_cmd:u_cmd|input_a~30                    ; 0                 ; 6       ;
;      - fpu_uart_cmd:u_cmd|input_b~0                     ; 0                 ; 6       ;
;      - fpu_uart_cmd:u_cmd|input_b~1                     ; 0                 ; 6       ;
;      - fpu_uart_cmd:u_cmd|input_b~2                     ; 0                 ; 6       ;
;      - fpu_uart_cmd:u_cmd|input_b~3                     ; 0                 ; 6       ;
;      - fpu_uart_cmd:u_cmd|input_b~4                     ; 0                 ; 6       ;
;      - fpu_uart_cmd:u_cmd|input_b~5                     ; 0                 ; 6       ;
;      - fpu_uart_cmd:u_cmd|input_b~6                     ; 0                 ; 6       ;
;      - fpu_uart_cmd:u_cmd|input_b~7                     ; 0                 ; 6       ;
;      - fpu_uart_cmd:u_cmd|input_b~8                     ; 0                 ; 6       ;
;      - fpu_uart_cmd:u_cmd|input_b~9                     ; 0                 ; 6       ;
;      - fpu_uart_cmd:u_cmd|input_b~10                    ; 0                 ; 6       ;
;      - fpu_uart_cmd:u_cmd|input_b~11                    ; 0                 ; 6       ;
;      - fpu_uart_cmd:u_cmd|input_b~12                    ; 0                 ; 6       ;
;      - fpu_uart_cmd:u_cmd|input_b~13                    ; 0                 ; 6       ;
;      - fpu_uart_cmd:u_cmd|input_b~14                    ; 0                 ; 6       ;
;      - fpu_uart_cmd:u_cmd|input_b~15                    ; 0                 ; 6       ;
;      - fpu_uart_cmd:u_cmd|input_b~16                    ; 0                 ; 6       ;
;      - fpu_uart_cmd:u_cmd|input_b~17                    ; 0                 ; 6       ;
;      - fpu_uart_cmd:u_cmd|input_b~18                    ; 0                 ; 6       ;
;      - fpu_uart_cmd:u_cmd|input_b~19                    ; 0                 ; 6       ;
;      - fpu_uart_cmd:u_cmd|input_b~20                    ; 0                 ; 6       ;
;      - fpu_uart_cmd:u_cmd|input_b~21                    ; 0                 ; 6       ;
;      - fpu_uart_cmd:u_cmd|input_b~22                    ; 0                 ; 6       ;
;      - fpu_uart_cmd:u_cmd|input_b~23                    ; 0                 ; 6       ;
;      - fpu_uart_cmd:u_cmd|input_b~24                    ; 0                 ; 6       ;
;      - fpu_uart_cmd:u_cmd|input_b~25                    ; 0                 ; 6       ;
;      - fpu_uart_cmd:u_cmd|input_b~26                    ; 0                 ; 6       ;
;      - fpu_uart_cmd:u_cmd|input_b~27                    ; 0                 ; 6       ;
;      - fpu_uart_cmd:u_cmd|input_b~28                    ; 0                 ; 6       ;
;      - fpu_uart_cmd:u_cmd|input_b~29                    ; 0                 ; 6       ;
;      - fpu_uart_cmd:u_cmd|input_b~30                    ; 0                 ; 6       ;
;      - fpu_top:u_fpu|divider:u_div|state~57             ; 0                 ; 6       ;
;      - fpu_uart_cmd:u_cmd|input_b~31                    ; 0                 ; 6       ;
;      - fpu_uart_cmd:u_cmd|input_a~31                    ; 0                 ; 6       ;
;      - fpu_uart_cmd:u_cmd|a_buf~0                       ; 0                 ; 6       ;
;      - fpu_uart_cmd:u_cmd|a_buf[28]~1                   ; 0                 ; 6       ;
;      - fpu_uart_cmd:u_cmd|a_buf~4                       ; 0                 ; 6       ;
;      - fpu_uart_cmd:u_cmd|a_buf~5                       ; 0                 ; 6       ;
;      - fpu_uart_cmd:u_cmd|a_buf~6                       ; 0                 ; 6       ;
;      - fpu_uart_cmd:u_cmd|a_buf~7                       ; 0                 ; 6       ;
;      - fpu_uart_cmd:u_cmd|a_buf~8                       ; 0                 ; 6       ;
;      - fpu_uart_cmd:u_cmd|a_buf~9                       ; 0                 ; 6       ;
;      - fpu_uart_cmd:u_cmd|a_buf~12                      ; 0                 ; 6       ;
;      - fpu_uart_cmd:u_cmd|b_buf~3                       ; 0                 ; 6       ;
;      - fpu_uart_cmd:u_cmd|b_buf~5                       ; 0                 ; 6       ;
;      - fpu_uart_cmd:u_cmd|b_buf~6                       ; 0                 ; 6       ;
;      - fpu_uart_cmd:u_cmd|b_buf~7                       ; 0                 ; 6       ;
;      - fpu_uart_cmd:u_cmd|b_buf~8                       ; 0                 ; 6       ;
;      - fpu_uart_cmd:u_cmd|b_buf~9                       ; 0                 ; 6       ;
;      - fpu_uart_cmd:u_cmd|b_buf~10                      ; 0                 ; 6       ;
;      - fpu_uart_cmd:u_cmd|b_buf~13                      ; 0                 ; 6       ;
;      - fpu_top:u_fpu|adder:u_add|state~52               ; 0                 ; 6       ;
; UART_RX                                                 ;                   ;         ;
;      - uart_rx:u_rx|rx_ff1~0                            ; 0                 ; 6       ;
+---------------------------------------------------------+-------------------+---------+


+-------------------------------------------------------------------------------------------------------------------------------------------------------------------------------------------+
; Control Signals                                                                                                                                                                           ;
+--------------------------------------------------+--------------------+---------+--------------------------+--------+----------------------+------------------+---------------------------+
; Name                                             ; Location           ; Fan-Out ; Usage                    ; Global ; Global Resource Used ; Global Line Name ; Enable Signal Source Name ;
+--------------------------------------------------+--------------------+---------+--------------------------+--------+----------------------+------------------+---------------------------+
; CLOCK_50                                         ; PIN_R8             ; 1294    ; Clock                    ; yes    ; Global Clock         ; GCLK18           ; --                        ;
; RESET_N                                          ; PIN_J15            ; 265     ; Sync. clear, Sync. load  ; no     ; --                   ; --               ; --                        ;
; fpu_top:u_fpu|adder:u_add|Selector64~1           ; LCCOMB_X23_Y12_N16 ; 25      ; Clock enable             ; no     ; --                   ; --               ; --                        ;
; fpu_top:u_fpu|adder:u_add|Selector95~5           ; LCCOMB_X23_Y11_N30 ; 2       ; Clock enable             ; no     ; --                   ; --               ; --                        ;
; fpu_top:u_fpu|adder:u_add|a_e[5]~16              ; LCCOMB_X25_Y11_N10 ; 10      ; Clock enable             ; no     ; --                   ; --               ; --                        ;
; fpu_top:u_fpu|adder:u_add|a_m[11]~0              ; LCCOMB_X23_Y12_N2  ; 25      ; Clock enable             ; no     ; --                   ; --               ; --                        ;
; fpu_top:u_fpu|adder:u_add|always0~2              ; LCCOMB_X24_Y8_N2   ; 29      ; Sync. load               ; no     ; --                   ; --               ; --                        ;
; fpu_top:u_fpu|adder:u_add|b_e[6]~15              ; LCCOMB_X24_Y11_N8  ; 10      ; Clock enable             ; no     ; --                   ; --               ; --                        ;
; fpu_top:u_fpu|adder:u_add|state.add_0            ; FF_X24_Y12_N15     ; 42      ; Clock enable, Sync. load ; no     ; --                   ; --               ; --                        ;
; fpu_top:u_fpu|adder:u_add|state.align            ; FF_X24_Y11_N11     ; 84      ; Sync. load               ; no     ; --                   ; --               ; --                        ;
; fpu_top:u_fpu|adder:u_add|state.normalise_1      ; FF_X23_Y8_N9       ; 23      ; Sync. load               ; no     ; --                   ; --               ; --                        ;
; fpu_top:u_fpu|adder:u_add|state.pack             ; FF_X24_Y11_N17     ; 37      ; Sync. load               ; no     ; --                   ; --               ; --                        ;
; fpu_top:u_fpu|adder:u_add|state.put_z            ; FF_X24_Y11_N5      ; 35      ; Clock enable             ; no     ; --                   ; --               ; --                        ;
; fpu_top:u_fpu|adder:u_add|state.round            ; FF_X23_Y8_N3       ; 33      ; Sync. load               ; no     ; --                   ; --               ; --                        ;
; fpu_top:u_fpu|adder:u_add|state.unpack           ; FF_X24_Y12_N9      ; 10      ; Clock enable             ; no     ; --                   ; --               ; --                        ;
; fpu_top:u_fpu|adder:u_add|state~34               ; LCCOMB_X24_Y12_N20 ; 34      ; Clock enable             ; no     ; --                   ; --               ; --                        ;
; fpu_top:u_fpu|adder:u_add|state~38               ; LCCOMB_X24_Y12_N16 ; 34      ; Clock enable             ; no     ; --                   ; --               ; --                        ;
; fpu_top:u_fpu|adder:u_add|z[14]~34               ; LCCOMB_X23_Y11_N14 ; 22      ; Sync. clear              ; no     ; --                   ; --               ; --                        ;
; fpu_top:u_fpu|adder:u_add|z[29]~33               ; LCCOMB_X24_Y11_N30 ; 30      ; Clock enable             ; no     ; --                   ; --               ; --                        ;
; fpu_top:u_fpu|adder:u_add|z_e[1]~36              ; LCCOMB_X23_Y7_N18  ; 10      ; Clock enable             ; no     ; --                   ; --               ; --                        ;
; fpu_top:u_fpu|adder:u_add|z_m[18]~3              ; LCCOMB_X23_Y7_N20  ; 23      ; Clock enable             ; no     ; --                   ; --               ; --                        ;
; fpu_top:u_fpu|divider:u_div|Selector208~0        ; LCCOMB_X36_Y12_N28 ; 6       ; Clock enable             ; no     ; --                   ; --               ; --                        ;
; fpu_top:u_fpu|divider:u_div|Selector259~2        ; LCCOMB_X34_Y12_N20 ; 41      ; Sync. load               ; no     ; --                   ; --               ; --                        ;
; fpu_top:u_fpu|divider:u_div|WideOr15~0           ; LCCOMB_X36_Y14_N22 ; 51      ; Clock enable             ; no     ; --                   ; --               ; --                        ;
; fpu_top:u_fpu|divider:u_div|a_e[1]~16            ; LCCOMB_X31_Y13_N8  ; 10      ; Clock enable             ; no     ; --                   ; --               ; --                        ;
; fpu_top:u_fpu|divider:u_div|a_m[18]~2            ; LCCOMB_X28_Y13_N26 ; 22      ; Clock enable             ; no     ; --                   ; --               ; --                        ;
; fpu_top:u_fpu|divider:u_div|b_e[4]~14            ; LCCOMB_X31_Y14_N14 ; 10      ; Clock enable             ; no     ; --                   ; --               ; --                        ;
; fpu_top:u_fpu|divider:u_div|b_m[22]~2            ; LCCOMB_X32_Y15_N2  ; 22      ; Clock enable             ; no     ; --                   ; --               ; --                        ;
; fpu_top:u_fpu|divider:u_div|remainder[50]~0      ; LCCOMB_X36_Y14_N12 ; 51      ; Clock enable             ; no     ; --                   ; --               ; --                        ;
; fpu_top:u_fpu|divider:u_div|state.divide_0       ; FF_X32_Y12_N13     ; 53      ; Clock enable             ; no     ; --                   ; --               ; --                        ;
; fpu_top:u_fpu|divider:u_div|state.divide_2       ; FF_X36_Y14_N25     ; 63      ; Sync. clear              ; no     ; --                   ; --               ; --                        ;
; fpu_top:u_fpu|divider:u_div|state.normalise_a    ; FF_X28_Y13_N9      ; 41      ; Sync. load               ; no     ; --                   ; --               ; --                        ;
; fpu_top:u_fpu|divider:u_div|state.normalise_b    ; FF_X32_Y12_N17     ; 41      ; Sync. load               ; no     ; --                   ; --               ; --                        ;
; fpu_top:u_fpu|divider:u_div|state.pack           ; FF_X34_Y12_N9      ; 34      ; Sync. load               ; no     ; --                   ; --               ; --                        ;
; fpu_top:u_fpu|divider:u_div|state.put_z          ; FF_X27_Y14_N31     ; 36      ; Clock enable             ; no     ; --                   ; --               ; --                        ;
; fpu_top:u_fpu|divider:u_div|state.unpack         ; FF_X32_Y12_N3      ; 13      ; Clock enable             ; no     ; --                   ; --               ; --                        ;
; fpu_top:u_fpu|divider:u_div|state~38             ; LCCOMB_X30_Y15_N6  ; 34      ; Clock enable             ; no     ; --                   ; --               ; --                        ;
; fpu_top:u_fpu|divider:u_div|state~42             ; LCCOMB_X32_Y12_N30 ; 34      ; Clock enable             ; no     ; --                   ; --               ; --                        ;
; fpu_top:u_fpu|divider:u_div|z[29]~13             ; LCCOMB_X29_Y14_N14 ; 30      ; Clock enable             ; no     ; --                   ; --               ; --                        ;
; fpu_top:u_fpu|divider:u_div|z_e[4]~35            ; LCCOMB_X35_Y12_N0  ; 10      ; Clock enable             ; no     ; --                   ; --               ; --                        ;
; fpu_top:u_fpu|divider:u_div|z_m[22]~4            ; LCCOMB_X34_Y12_N6  ; 23      ; Clock enable             ; no     ; --                   ; --               ; --                        ;
; fpu_top:u_fpu|multiplier:u_mul|Selector123~0     ; LCCOMB_X18_Y15_N30 ; 41      ; Sync. load               ; no     ; --                   ; --               ; --                        ;
; fpu_top:u_fpu|multiplier:u_mul|a_e[7]~16         ; LCCOMB_X16_Y17_N18 ; 10      ; Clock enable             ; no     ; --                   ; --               ; --                        ;
; fpu_top:u_fpu|multiplier:u_mul|a_m[1]~2          ; LCCOMB_X12_Y15_N6  ; 22      ; Clock enable             ; no     ; --                   ; --               ; --                        ;
; fpu_top:u_fpu|multiplier:u_mul|b_e[3]~15         ; LCCOMB_X23_Y17_N30 ; 10      ; Clock enable             ; no     ; --                   ; --               ; --                        ;
; fpu_top:u_fpu|multiplier:u_mul|b_m[20]~2         ; LCCOMB_X14_Y17_N0  ; 22      ; Clock enable             ; no     ; --                   ; --               ; --                        ;
; fpu_top:u_fpu|multiplier:u_mul|state.multiply_0  ; FF_X17_Y16_N13     ; 73      ; Clock enable             ; no     ; --                   ; --               ; --                        ;
; fpu_top:u_fpu|multiplier:u_mul|state.normalise_a ; FF_X17_Y16_N17     ; 40      ; Sync. load               ; no     ; --                   ; --               ; --                        ;
; fpu_top:u_fpu|multiplier:u_mul|state.normalise_b ; FF_X18_Y16_N3      ; 41      ; Sync. load               ; no     ; --                   ; --               ; --                        ;
; fpu_top:u_fpu|multiplier:u_mul|state.put_z       ; FF_X18_Y16_N11     ; 35      ; Clock enable             ; no     ; --                   ; --               ; --                        ;
; fpu_top:u_fpu|multiplier:u_mul|state.unpack      ; FF_X17_Y16_N27     ; 13      ; Clock enable             ; no     ; --                   ; --               ; --                        ;
; fpu_top:u_fpu|multiplier:u_mul|state~33          ; LCCOMB_X18_Y16_N12 ; 35      ; Clock enable             ; no     ; --                   ; --               ; --                        ;
; fpu_top:u_fpu|multiplier:u_mul|state~38          ; LCCOMB_X18_Y16_N24 ; 35      ; Clock enable             ; no     ; --                   ; --               ; --                        ;
; fpu_top:u_fpu|multiplier:u_mul|z[24]~23          ; LCCOMB_X18_Y17_N28 ; 8       ; Sync. load               ; no     ; --                   ; --               ; --                        ;
; fpu_top:u_fpu|multiplier:u_mul|z[24]~25          ; LCCOMB_X17_Y16_N18 ; 30      ; Clock enable             ; no     ; --                   ; --               ; --                        ;
; fpu_top:u_fpu|multiplier:u_mul|z_e[0]~35         ; LCCOMB_X18_Y19_N18 ; 10      ; Clock enable             ; no     ; --                   ; --               ; --                        ;
; fpu_top:u_fpu|multiplier:u_mul|z_m[22]~4         ; LCCOMB_X18_Y19_N30 ; 23      ; Clock enable             ; no     ; --                   ; --               ; --                        ;
; fpu_top:u_fpu|op_lat[1]~1                        ; LCCOMB_X27_Y15_N14 ; 2       ; Clock enable             ; no     ; --                   ; --               ; --                        ;
; fpu_uart_cmd:u_cmd|Selector63~7                  ; LCCOMB_X27_Y15_N2  ; 39      ; Sync. load               ; no     ; --                   ; --               ; --                        ;
; fpu_uart_cmd:u_cmd|a_buf[22]~15                  ; LCCOMB_X25_Y18_N30 ; 7       ; Clock enable             ; no     ; --                   ; --               ; --                        ;
; fpu_uart_cmd:u_cmd|a_buf[28]~3                   ; LCCOMB_X28_Y18_N28 ; 8       ; Clock enable             ; no     ; --                   ; --               ; --                        ;
; fpu_uart_cmd:u_cmd|a_buf[7]~11                   ; LCCOMB_X25_Y17_N0  ; 7       ; Clock enable             ; no     ; --                   ; --               ; --                        ;
; fpu_uart_cmd:u_cmd|a_buf[8]~14                   ; LCCOMB_X28_Y18_N8  ; 7       ; Clock enable             ; no     ; --                   ; --               ; --                        ;
; fpu_uart_cmd:u_cmd|b_buf[10]~15                  ; LCCOMB_X29_Y16_N18 ; 7       ; Clock enable             ; no     ; --                   ; --               ; --                        ;
; fpu_uart_cmd:u_cmd|b_buf[17]~16                  ; LCCOMB_X29_Y18_N8  ; 7       ; Clock enable             ; no     ; --                   ; --               ; --                        ;
; fpu_uart_cmd:u_cmd|b_buf[28]~4                   ; LCCOMB_X29_Y16_N0  ; 8       ; Clock enable             ; no     ; --                   ; --               ; --                        ;
; fpu_uart_cmd:u_cmd|b_buf[3]~12                   ; LCCOMB_X29_Y17_N28 ; 7       ; Clock enable             ; no     ; --                   ; --               ; --                        ;
; fpu_uart_cmd:u_cmd|byte_idx[2]~6                 ; LCCOMB_X27_Y17_N30 ; 3       ; Clock enable             ; no     ; --                   ; --               ; --                        ;
; fpu_uart_cmd:u_cmd|op[0]~2                       ; LCCOMB_X27_Y18_N20 ; 2       ; Clock enable             ; no     ; --                   ; --               ; --                        ;
; fpu_uart_cmd:u_cmd|rx_gap_cnt[0]~69              ; LCCOMB_X26_Y17_N26 ; 33      ; Sync. clear              ; no     ; --                   ; --               ; --                        ;
; fpu_uart_cmd:u_cmd|rx_gap_cnt[0]~79              ; LCCOMB_X24_Y18_N2  ; 32      ; Clock enable             ; no     ; --                   ; --               ; --                        ;
; fpu_uart_cmd:u_cmd|state~35                      ; LCCOMB_X26_Y15_N30 ; 5       ; Clock enable             ; no     ; --                   ; --               ; --                        ;
; fpu_uart_cmd:u_cmd|state~83                      ; LCCOMB_X29_Y18_N26 ; 64      ; Clock enable             ; no     ; --                   ; --               ; --                        ;
; fpu_uart_cmd:u_cmd|status[4]~3                   ; LCCOMB_X26_Y19_N18 ; 1       ; Clock enable             ; no     ; --                   ; --               ; --                        ;
; fpu_uart_cmd:u_cmd|tx_byte[3]~3                  ; LCCOMB_X26_Y16_N18 ; 8       ; Clock enable             ; no     ; --                   ; --               ; --                        ;
; fpu_uart_cmd:u_cmd|z_buf[0]~34                   ; LCCOMB_X27_Y15_N22 ; 32      ; Sync. clear              ; no     ; --                   ; --               ; --                        ;
; fpu_uart_cmd:u_cmd|z_buf[0]~40                   ; LCCOMB_X26_Y18_N0  ; 32      ; Clock enable             ; no     ; --                   ; --               ; --                        ;
; uart_rx:u_rx|clk_cnt[0]~20                       ; LCCOMB_X32_Y18_N24 ; 9       ; Sync. clear              ; no     ; --                   ; --               ; --                        ;
; uart_rx:u_rx|clk_cnt[0]~21                       ; LCCOMB_X32_Y18_N6  ; 9       ; Clock enable             ; no     ; --                   ; --               ; --                        ;
; uart_rx:u_rx|rx_byte[7]~2                        ; LCCOMB_X30_Y18_N18 ; 8       ; Clock enable             ; no     ; --                   ; --               ; --                        ;
; uart_tx:u_tx|clk_cnt[5]~13                       ; LCCOMB_X23_Y16_N4  ; 9       ; Sync. clear              ; no     ; --                   ; --               ; --                        ;
; uart_tx:u_tx|clk_cnt[5]~14                       ; LCCOMB_X23_Y16_N2  ; 9       ; Clock enable             ; no     ; --                   ; --               ; --                        ;
; uart_tx:u_tx|data_buf[3]~1                       ; LCCOMB_X24_Y16_N6  ; 8       ; Clock enable             ; no     ; --                   ; --               ; --                        ;
+--------------------------------------------------+--------------------+---------+--------------------------+--------+----------------------+------------------+---------------------------+


+--------------------------------------------------------------------------------------------------------------------------------------------+
; Global & Other Fast Signals                                                                                                                ;
+----------+----------+---------+--------------------------------------+----------------------+------------------+---------------------------+
; Name     ; Location ; Fan-Out ; Fan-Out Using Intentional Clock Skew ; Global Resource Used ; Global Line Name ; Enable Signal Source Name ;
+----------+----------+---------+--------------------------------------+----------------------+------------------+---------------------------+
; CLOCK_50 ; PIN_R8   ; 1294    ; 22                                   ; Global Clock         ; GCLK18           ; --                        ;
+----------+----------+---------+--------------------------------------+----------------------+------------------+---------------------------+


+-----------------------------------------------------------------------------------------------+
; Fitter DSP Block Usage Summary                                                                ;
+---------------------------------------+-------------+---------------------+-------------------+
; Statistic                             ; Number Used ; Available per Block ; Maximum Available ;
+---------------------------------------+-------------+---------------------+-------------------+
; Simple Multipliers (9-bit)            ; 1           ; 2                   ; 132               ;
; Simple Multipliers (18-bit)           ; 3           ; 1                   ; 66                ;
; Embedded Multiplier Blocks            ; 4           ; --                  ; 66                ;
; Embedded Multiplier 9-bit elements    ; 7           ; 2                   ; 132               ;
; Signed Embedded Multipliers           ; 0           ; --                  ; --                ;
; Unsigned Embedded Multipliers         ; 4           ; --                  ; --                ;
; Mixed Sign Embedded Multipliers       ; 0           ; --                  ; --                ;
; Variable Sign Embedded Multipliers    ; 0           ; --                  ; --                ;
; Dedicated Input Shift Register Chains ; 0           ; --                  ; --                ;
+---------------------------------------+-------------+---------------------+-------------------+


+-----------------------------------------------------------------------------------------------------------------------------------------------------------------------------------------------------------------------------------------------------------------------------------+
; DSP Block Details                                                                                                                                                                                                                                                                 ;
+------------------------------------------------------------------------------------+----------------------------+--------------------+---------------------+--------------------------------+-----------------------+-----------------------+-------------------+-----------------+
; Name                                                                               ; Mode                       ; Location           ; Sign Representation ; Has Input Shift Register Chain ; Data A Input Register ; Data B Input Register ; Pipeline Register ; Output Register ;
+------------------------------------------------------------------------------------+----------------------------+--------------------+---------------------+--------------------------------+-----------------------+-----------------------+-------------------+-----------------+
; fpu_top:u_fpu|multiplier:u_mul|lpm_mult:Mult0|mult_bdt:auto_generated|mac_out8     ; Simple Multiplier (9-bit)  ; DSPOUT_X13_Y15_N2  ;                     ; No                             ;                       ;                       ;                   ; no              ;
;    fpu_top:u_fpu|multiplier:u_mul|lpm_mult:Mult0|mult_bdt:auto_generated|mac_mult7 ;                            ; DSPMULT_X13_Y15_N0 ; Unsigned            ;                                ; no                    ; no                    ; no                ;                 ;
; fpu_top:u_fpu|multiplier:u_mul|lpm_mult:Mult0|mult_bdt:auto_generated|mac_out6     ; Simple Multiplier (18-bit) ; DSPOUT_X13_Y16_N2  ;                     ; No                             ;                       ;                       ;                   ; no              ;
;    fpu_top:u_fpu|multiplier:u_mul|lpm_mult:Mult0|mult_bdt:auto_generated|mac_mult5 ;                            ; DSPMULT_X13_Y16_N0 ; Unsigned            ;                                ; no                    ; no                    ; no                ;                 ;
; fpu_top:u_fpu|multiplier:u_mul|lpm_mult:Mult0|mult_bdt:auto_generated|mac_out4     ; Simple Multiplier (18-bit) ; DSPOUT_X13_Y17_N2  ;                     ; No                             ;                       ;                       ;                   ; no              ;
;    fpu_top:u_fpu|multiplier:u_mul|lpm_mult:Mult0|mult_bdt:auto_generated|mac_mult3 ;                            ; DSPMULT_X13_Y17_N0 ; Unsigned            ;                                ; no                    ; no                    ; no                ;                 ;
; fpu_top:u_fpu|multiplier:u_mul|lpm_mult:Mult0|mult_bdt:auto_generated|w385w[0]     ; Simple Multiplier (18-bit) ; DSPOUT_X13_Y18_N2  ;                     ; No                             ;                       ;                       ;                   ; no              ;
;    fpu_top:u_fpu|multiplier:u_mul|lpm_mult:Mult0|mult_bdt:auto_generated|mac_mult1 ;                            ; DSPMULT_X13_Y18_N0 ; Unsigned            ;                                ; no                    ; no                    ; no                ;                 ;
+------------------------------------------------------------------------------------+----------------------------+--------------------+---------------------+--------------------------------+-----------------------+-----------------------+-------------------+-----------------+


+------------------------------------------------+
; Routing Usage Summary                          ;
+-----------------------+------------------------+
; Routing Resource Type ; Usage                  ;
+-----------------------+------------------------+
; Block interconnects   ; 3,230 / 71,559 ( 5 % ) ;
; C16 interconnects     ; 6 / 2,597 ( < 1 % )    ;
; C4 interconnects      ; 1,337 / 46,848 ( 3 % ) ;
; Direct links          ; 791 / 71,559 ( 1 % )   ;
; Global clocks         ; 1 / 20 ( 5 % )         ;
; Local interconnects   ; 1,246 / 24,624 ( 5 % ) ;
; R24 interconnects     ; 21 / 2,496 ( < 1 % )   ;
; R4 interconnects      ; 1,641 / 62,424 ( 3 % ) ;
+-----------------------+------------------------+


+-----------------------------------------------------------------------------+
; LAB Logic Elements                                                          ;
+---------------------------------------------+-------------------------------+
; Number of Logic Elements  (Average = 13.61) ; Number of LABs  (Total = 180) ;
+---------------------------------------------+-------------------------------+
; 1                                           ; 3                             ;
; 2                                           ; 3                             ;
; 3                                           ; 5                             ;
; 4                                           ; 2                             ;
; 5                                           ; 5                             ;
; 6                                           ; 2                             ;
; 7                                           ; 2                             ;
; 8                                           ; 4                             ;
; 9                                           ; 2                             ;
; 10                                          ; 5                             ;
; 11                                          ; 3                             ;
; 12                                          ; 3                             ;
; 13                                          ; 8                             ;
; 14                                          ; 7                             ;
; 15                                          ; 20                            ;
; 16                                          ; 106                           ;
+---------------------------------------------+-------------------------------+


+--------------------------------------------------------------------+
; LAB-wide Signals                                                   ;
+------------------------------------+-------------------------------+
; LAB-wide Signals  (Average = 1.79) ; Number of LABs  (Total = 180) ;
+------------------------------------+-------------------------------+
; 1 Clock                            ; 153                           ;
; 1 Clock enable                     ; 79                            ;
; 1 Sync. clear                      ; 22                            ;
; 1 Sync. load                       ; 34                            ;
; 2 Clock enables                    ; 34                            ;
+------------------------------------+-------------------------------+


+------------------------------------------------------------------------------+
; LAB Signals Sourced                                                          ;
+----------------------------------------------+-------------------------------+
; Number of Signals Sourced  (Average = 20.35) ; Number of LABs  (Total = 180) ;
+----------------------------------------------+-------------------------------+
; 0                                            ; 0                             ;
; 1                                            ; 3                             ;
; 2                                            ; 1                             ;
; 3                                            ; 4                             ;
; 4                                            ; 4                             ;
; 5                                            ; 3                             ;
; 6                                            ; 2                             ;
; 7                                            ; 0                             ;
; 8                                            ; 4                             ;
; 9                                            ; 2                             ;
; 10                                           ; 4                             ;
; 11                                           ; 0                             ;
; 12                                           ; 3                             ;
; 13                                           ; 3                             ;
; 14                                           ; 4                             ;
; 15                                           ; 6                             ;
; 16                                           ; 13                            ;
; 17                                           ; 5                             ;
; 18                                           ; 2                             ;
; 19                                           ; 10                            ;
; 20                                           ; 4                             ;
; 21                                           ; 20                            ;
; 22                                           ; 3                             ;
; 23                                           ; 10                            ;
; 24                                           ; 6                             ;
; 25                                           ; 9                             ;
; 26                                           ; 11                            ;
; 27                                           ; 3                             ;
; 28                                           ; 7                             ;
; 29                                           ; 5                             ;
; 30                                           ; 9                             ;
; 31                                           ; 10                            ;
; 32                                           ; 10                            ;
+----------------------------------------------+-------------------------------+


+---------------------------------------------------------------------------------+
; LAB Signals Sourced Out                                                         ;
+-------------------------------------------------+-------------------------------+
; Number of Signals Sourced Out  (Average = 9.51) ; Number of LABs  (Total = 180) ;
+-------------------------------------------------+-------------------------------+
; 0                                               ; 0                             ;
; 1                                               ; 9                             ;
; 2                                               ; 4                             ;
; 3                                               ; 9                             ;
; 4                                               ; 7                             ;
; 5                                               ; 6                             ;
; 6                                               ; 7                             ;
; 7                                               ; 13                            ;
; 8                                               ; 17                            ;
; 9                                               ; 15                            ;
; 10                                              ; 21                            ;
; 11                                              ; 9                             ;
; 12                                              ; 19                            ;
; 13                                              ; 11                            ;
; 14                                              ; 7                             ;
; 15                                              ; 7                             ;
; 16                                              ; 13                            ;
; 17                                              ; 1                             ;
; 18                                              ; 2                             ;
; 19                                              ; 1                             ;
; 20                                              ; 1                             ;
; 21                                              ; 0                             ;
; 22                                              ; 0                             ;
; 23                                              ; 1                             ;
+-------------------------------------------------+-------------------------------+


+------------------------------------------------------------------------------+
; LAB Distinct Inputs                                                          ;
+----------------------------------------------+-------------------------------+
; Number of Distinct Inputs  (Average = 17.18) ; Number of LABs  (Total = 180) ;
+----------------------------------------------+-------------------------------+
; 0                                            ; 0                             ;
; 1                                            ; 0                             ;
; 2                                            ; 0                             ;
; 3                                            ; 3                             ;
; 4                                            ; 3                             ;
; 5                                            ; 3                             ;
; 6                                            ; 6                             ;
; 7                                            ; 2                             ;
; 8                                            ; 4                             ;
; 9                                            ; 7                             ;
; 10                                           ; 5                             ;
; 11                                           ; 1                             ;
; 12                                           ; 13                            ;
; 13                                           ; 13                            ;
; 14                                           ; 13                            ;
; 15                                           ; 13                            ;
; 16                                           ; 11                            ;
; 17                                           ; 10                            ;
; 18                                           ; 16                            ;
; 19                                           ; 5                             ;
; 20                                           ; 6                             ;
; 21                                           ; 5                             ;
; 22                                           ; 3                             ;
; 23                                           ; 4                             ;
; 24                                           ; 2                             ;
; 25                                           ; 1                             ;
; 26                                           ; 3                             ;
; 27                                           ; 3                             ;
; 28                                           ; 2                             ;
; 29                                           ; 5                             ;
; 30                                           ; 3                             ;
; 31                                           ; 2                             ;
; 32                                           ; 3                             ;
; 33                                           ; 1                             ;
; 34                                           ; 2                             ;
; 35                                           ; 2                             ;
; 36                                           ; 2                             ;
; 37                                           ; 2                             ;
; 38                                           ; 1                             ;
+----------------------------------------------+-------------------------------+


+------------------------------------------+
; I/O Rules Summary                        ;
+----------------------------------+-------+
; I/O Rules Statistic              ; Total ;
+----------------------------------+-------+
; Total I/O Rules                  ; 30    ;
; Number of I/O Rules Passed       ; 12    ;
; Number of I/O Rules Failed       ; 0     ;
; Number of I/O Rules Unchecked    ; 0     ;
; Number of I/O Rules Inapplicable ; 18    ;
+----------------------------------+-------+


+-----------------------------------------------------------------------------------------------------------------------------------------------------------------------------------------------------------------------------------------------------------------------------------------------------+
; I/O Rules Details                                                                                                                                                                                                                                                                                   ;
+--------------+-----------+-----------------------------------+------------------------------------------------------------------------------------------------------+----------+--------------------------------------------------------------------------+---------------------+-------------------+
; Status       ; ID        ; Category                          ; Rule Description                                                                                     ; Severity ; Information                                                              ; Area                ; Extra Information ;
+--------------+-----------+-----------------------------------+------------------------------------------------------------------------------------------------------+----------+--------------------------------------------------------------------------+---------------------+-------------------+
; Pass         ; IO_000001 ; Capacity Checks                   ; Number of pins in an I/O bank should not exceed the number of locations available.                   ; Critical ; 0 such failures found.                                                   ; I/O                 ;                   ;
; Inapplicable ; IO_000002 ; Capacity Checks                   ; Number of clocks in an I/O bank should not exceed the number of clocks available.                    ; Critical ; No Global Signal assignments found.                                      ; I/O                 ;                   ;
; Pass         ; IO_000003 ; Capacity Checks                   ; Number of pins in a Vrefgroup should not exceed the number of locations available.                   ; Critical ; 0 such failures found.                                                   ; I/O                 ;                   ;
; Inapplicable ; IO_000004 ; Voltage Compatibility Checks      ; The I/O bank should support the requested VCCIO.                                                     ; Critical ; No IOBANK_VCCIO assignments found.                                       ; I/O                 ;                   ;
; Inapplicable ; IO_000005 ; Voltage Compatibility Checks      ; The I/O bank should not have competing VREF values.                                                  ; Critical ; No VREF I/O Standard assignments found.                                  ; I/O                 ;                   ;
; Pass         ; IO_000006 ; Voltage Compatibility Checks      ; The I/O bank should not have competing VCCIO values.                                                 ; Critical ; 0 such failures found.                                                   ; I/O                 ;                   ;
; Pass         ; IO_000007 ; Valid Location Checks             ; Checks for unavailable locations.                                                                    ; Critical ; 0 such failures found.                                                   ; I/O                 ;                   ;
; Inapplicable ; IO_000008 ; Valid Location Checks             ; Checks for reserved locations.                                                                       ; Critical ; No reserved LogicLock region found.                                      ; I/O                 ;                   ;
; Pass         ; IO_000009 ; I/O Properties Checks for One I/O ; The location should support the requested I/O standard.                                              ; Critical ; 0 such failures found.                                                   ; I/O                 ;                   ;
; Pass         ; IO_000010 ; I/O Properties Checks for One I/O ; The location should support the requested I/O direction.                                             ; Critical ; 0 such failures found.                                                   ; I/O                 ;                   ;
; Inapplicable ; IO_000011 ; I/O Properties Checks for One I/O ; The location should support the requested Current Strength.                                          ; Critical ; No Current Strength assignments found.                                   ; I/O                 ;                   ;
; Pass         ; IO_000012 ; I/O Properties Checks for One I/O ; The location should support the requested On Chip Termination value.                                 ; Critical ; 0 such failures found.                                                   ; I/O                 ;                   ;
; Inapplicable ; IO_000013 ; I/O Properties Checks for One I/O ; The location should support the requested Bus Hold value.                                            ; Critical ; No Enable Bus-Hold Circuitry assignments found.                          ; I/O                 ;                   ;
; Inapplicable ; IO_000014 ; I/O Properties Checks for One I/O ; The location should support the requested Weak Pull Up value.                                        ; Critical ; No Weak Pull-Up Resistor assignments found.                              ; I/O                 ;                   ;
; Pass         ; IO_000015 ; I/O Properties Checks for One I/O ; The location should support the requested PCI Clamp Diode.                                           ; Critical ; 0 such failures found.                                                   ; I/O                 ;                   ;
; Inapplicable ; IO_000018 ; I/O Properties Checks for One I/O ; The I/O standard should support the requested Current Strength.                                      ; Critical ; No Current Strength assignments found.                                   ; I/O                 ;                   ;
; Pass         ; IO_000019 ; I/O Properties Checks for One I/O ; The I/O standard should support the requested On Chip Termination value.                             ; Critical ; 0 such failures found.                                                   ; I/O                 ;                   ;
; Pass         ; IO_000020 ; I/O Properties Checks for One I/O ; The I/O standard should support the requested PCI Clamp Diode.                                       ; Critical ; 0 such failures found.                                                   ; I/O                 ;                   ;
; Inapplicable ; IO_000021 ; I/O Properties Checks for One I/O ; The I/O standard should support the requested Weak Pull Up value.                                    ; Critical ; No Weak Pull-Up Resistor assignments found.                              ; I/O                 ;                   ;
; Inapplicable ; IO_000022 ; I/O Properties Checks for One I/O ; The I/O standard should support the requested Bus Hold value.                                        ; Critical ; No Enable Bus-Hold Circuitry assignments found.                          ; I/O                 ;                   ;
; Inapplicable ; IO_000023 ; I/O Properties Checks for One I/O ; The I/O standard should support the Open Drain value.                                                ; Critical ; No open drain assignments found.                                         ; I/O                 ;                   ;
; Pass         ; IO_000024 ; I/O Properties Checks for One I/O ; The I/O direction should support the On Chip Termination value.                                      ; Critical ; 0 such failures found.                                                   ; I/O                 ;                   ;
; Inapplicable ; IO_000026 ; I/O Properties Checks for One I/O ; On Chip Termination and Current Strength should not be used at the same time.                        ; Critical ; No Current Strength assignments found.                                   ; I/O                 ;                   ;
; Inapplicable ; IO_000027 ; I/O Properties Checks for One I/O ; Weak Pull Up and Bus Hold should not be used at the same time.                                       ; Critical ; No Enable Bus-Hold Circuitry or Weak Pull-Up Resistor assignments found. ; I/O                 ;                   ;
; Inapplicable ; IO_000045 ; I/O Properties Checks for One I/O ; The I/O standard should support the requested Slew Rate value.                                       ; Critical ; No Slew Rate assignments found.                                          ; I/O                 ;                   ;
; Inapplicable ; IO_000046 ; I/O Properties Checks for One I/O ; The location should support the requested Slew Rate value.                                           ; Critical ; No Slew Rate assignments found.                                          ; I/O                 ;                   ;
; Inapplicable ; IO_000047 ; I/O Properties Checks for One I/O ; On Chip Termination and Slew Rate should not be used at the same time.                               ; Critical ; No Slew Rate assignments found.                                          ; I/O                 ;                   ;
; Pass         ; IO_000033 ; Electromigration Checks           ; Current density for consecutive I/Os should not exceed 240mA for row I/Os and 240mA for column I/Os. ; Critical ; 0 such failures found.                                                   ; I/O                 ;                   ;
; Inapplicable ; IO_000034 ; SI Related Distance Checks        ; Single-ended outputs should be 5 LAB row(s) away from a differential I/O.                            ; High     ; No Differential I/O Standard assignments found.                          ; I/O                 ;                   ;
; Inapplicable ; IO_000042 ; SI Related SSO Limit Checks       ; No more than 20 outputs are allowed in a VREF group when VREF is being read from.                    ; High     ; No VREF I/O Standard assignments found.                                  ; I/O                 ;                   ;
; ----         ; ----      ; Disclaimer                        ; OCT rules are checked but not reported.                                                              ; None     ; ----                                                                     ; On Chip Termination ;                   ;
+--------------+-----------+-----------------------------------+------------------------------------------------------------------------------------------------------+----------+--------------------------------------------------------------------------+---------------------+-------------------+


+-----------------------------------------------------------------------------------------------------------------------------------------------------------------------------------------------------------------------------------------------------------------------------------------------------------------------------------------------------------------------------------------------------------------------------------------------------------------+
; I/O Rules Matrix                                                                                                                                                                                                                                                                                                                                                                                                                                                ;
+--------------------+-----------+--------------+-----------+--------------+--------------+-----------+-----------+--------------+-----------+-----------+--------------+--------------+--------------+--------------+--------------+--------------+--------------+--------------+--------------+--------------+--------------+--------------+--------------+--------------+--------------+--------------+--------------+-----------+--------------+--------------+
; Pin/Rules          ; IO_000001 ; IO_000002    ; IO_000003 ; IO_000004    ; IO_000005    ; IO_000006 ; IO_000007 ; IO_000008    ; IO_000009 ; IO_000010 ; IO_000011    ; IO_000012    ; IO_000013    ; IO_000014    ; IO_000015    ; IO_000018    ; IO_000019    ; IO_000020    ; IO_000021    ; IO_000022    ; IO_000023    ; IO_000024    ; IO_000026    ; IO_000027    ; IO_000045    ; IO_000046    ; IO_000047    ; IO_000033 ; IO_000034    ; IO_000042    ;
+--------------------+-----------+--------------+-----------+--------------+--------------+-----------+-----------+--------------+-----------+-----------+--------------+--------------+--------------+--------------+--------------+--------------+--------------+--------------+--------------+--------------+--------------+--------------+--------------+--------------+--------------+--------------+--------------+-----------+--------------+--------------+
; Total Pass         ; 4         ; 0            ; 4         ; 0            ; 0            ; 4         ; 4         ; 0            ; 4         ; 4         ; 0            ; 1            ; 0            ; 0            ; 3            ; 0            ; 1            ; 3            ; 0            ; 0            ; 0            ; 1            ; 0            ; 0            ; 0            ; 0            ; 0            ; 4         ; 0            ; 0            ;
; Total Unchecked    ; 0         ; 0            ; 0         ; 0            ; 0            ; 0         ; 0         ; 0            ; 0         ; 0         ; 0            ; 0            ; 0            ; 0            ; 0            ; 0            ; 0            ; 0            ; 0            ; 0            ; 0            ; 0            ; 0            ; 0            ; 0            ; 0            ; 0            ; 0         ; 0            ; 0            ;
; Total Inapplicable ; 0         ; 4            ; 0         ; 4            ; 4            ; 0         ; 0         ; 4            ; 0         ; 0         ; 4            ; 3            ; 4            ; 4            ; 1            ; 4            ; 3            ; 1            ; 4            ; 4            ; 4            ; 3            ; 4            ; 4            ; 4            ; 4            ; 4            ; 0         ; 4            ; 4            ;
; Total Fail         ; 0         ; 0            ; 0         ; 0            ; 0            ; 0         ; 0         ; 0            ; 0         ; 0         ; 0            ; 0            ; 0            ; 0            ; 0            ; 0            ; 0            ; 0            ; 0            ; 0            ; 0            ; 0            ; 0            ; 0            ; 0            ; 0            ; 0            ; 0         ; 0            ; 0            ;
; UART_TX            ; Pass      ; Inapplicable ; Pass      ; Inapplicable ; Inapplicable ; Pass      ; Pass      ; Inapplicable ; Pass      ; Pass      ; Inapplicable ; Pass         ; Inapplicable ; Inapplicable ; Inapplicable ; Inapplicable ; Pass         ; Inapplicable ; Inapplicable ; Inapplicable ; Inapplicable ; Pass         ; Inapplicable ; Inapplicable ; Inapplicable ; Inapplicable ; Inapplicable ; Pass      ; Inapplicable ; Inapplicable ;
; CLOCK_50           ; Pass      ; Inapplicable ; Pass      ; Inapplicable ; Inapplicable ; Pass      ; Pass      ; Inapplicable ; Pass      ; Pass      ; Inapplicable ; Inapplicable ; Inapplicable ; Inapplicable ; Pass         ; Inapplicable ; Inapplicable ; Pass         ; Inapplicable ; Inapplicable ; Inapplicable ; Inapplicable ; Inapplicable ; Inapplicable ; Inapplicable ; Inapplicable ; Inapplicable ; Pass      ; Inapplicable ; Inapplicable ;
; RESET_N            ; Pass      ; Inapplicable ; Pass      ; Inapplicable ; Inapplicable ; Pass      ; Pass      ; Inapplicable ; Pass      ; Pass      ; Inapplicable ; Inapplicable ; Inapplicable ; Inapplicable ; Pass         ; Inapplicable ; Inapplicable ; Pass         ; Inapplicable ; Inapplicable ; Inapplicable ; Inapplicable ; Inapplicable ; Inapplicable ; Inapplicable ; Inapplicable ; Inapplicable ; Pass      ; Inapplicable ; Inapplicable ;
; UART_RX            ; Pass      ; Inapplicable ; Pass      ; Inapplicable ; Inapplicable ; Pass      ; Pass      ; Inapplicable ; Pass      ; Pass      ; Inapplicable ; Inapplicable ; Inapplicable ; Inapplicable ; Pass         ; Inapplicable ; Inapplicable ; Pass         ; Inapplicable ; Inapplicable ; Inapplicable ; Inapplicable ; Inapplicable ; Inapplicable ; Inapplicable ; Inapplicable ; Inapplicable ; Pass      ; Inapplicable ; Inapplicable ;
+--------------------+-----------+--------------+-----------+--------------+--------------+-----------+-----------+--------------+-----------+-----------+--------------+--------------+--------------+--------------+--------------+--------------+--------------+--------------+--------------+--------------+--------------+--------------+--------------+--------------+--------------+--------------+--------------+-----------+--------------+--------------+


+---------------------------------------------------------------------------------------------+
; Fitter Device Options                                                                       ;
+------------------------------------------------------------------+--------------------------+
; Option                                                           ; Setting                  ;
+------------------------------------------------------------------+--------------------------+
; Enable user-supplied start-up clock (CLKUSR)                     ; Off                      ;
; Enable device-wide reset (DEV_CLRn)                              ; Off                      ;
; Enable device-wide output enable (DEV_OE)                        ; Off                      ;
; Enable INIT_DONE output                                          ; Off                      ;
; Configuration scheme                                             ; Active Serial            ;
; Error detection CRC                                              ; Off                      ;
; Enable open drain on CRC_ERROR pin                               ; Off                      ;
; Enable input tri-state on active configuration pins in user mode ; Off                      ;
; Configuration Voltage Level                                      ; Auto                     ;
; Force Configuration Voltage Level                                ; Off                      ;
; nCEO                                                             ; As output driving ground ;
; Data[0]                                                          ; As input tri-stated      ;
; Data[1]/ASDO                                                     ; As input tri-stated      ;
; Data[7..2]                                                       ; Unreserved               ;
; FLASH_nCE/nCSO                                                   ; As input tri-stated      ;
; Other Active Parallel pins                                       ; Unreserved               ;
; DCLK                                                             ; As output driving ground ;
+------------------------------------------------------------------+--------------------------+


+------------------------------------+
; Operating Settings and Conditions  ;
+---------------------------+--------+
; Setting                   ; Value  ;
+---------------------------+--------+
; Nominal Core Voltage      ; 1.20 V ;
; Low Junction Temperature  ; 0 °C   ;
; High Junction Temperature ; 85 °C  ;
+---------------------------+--------+


+------------------------------------------------------------+
; Estimated Delay Added for Hold Timing Summary              ;
+-----------------+----------------------+-------------------+
; Source Clock(s) ; Destination Clock(s) ; Delay Added in ns ;
+-----------------+----------------------+-------------------+
; CLOCK_50        ; CLOCK_50             ; 1.3               ;
+-----------------+----------------------+-------------------+
Note: For more information on problematic transfers, consider running the Fitter again with the Optimize hold timing option (Settings Menu) turned off.
This will disable optimization of problematic paths and expose them for further analysis using the Timing Analyzer.


+---------------------------------------------------------------------------------------------------+
; Estimated Delay Added for Hold Timing Details                                                     ;
+--------------------------------------+----------------------------------------+-------------------+
; Source Register                      ; Destination Register                   ; Delay Added in ns ;
+--------------------------------------+----------------------------------------+-------------------+
; fpu_uart_cmd:u_cmd|b_buf[1]          ; fpu_uart_cmd:u_cmd|input_b[1]          ; 0.065             ;
; fpu_uart_cmd:u_cmd|b_buf[2]          ; fpu_uart_cmd:u_cmd|input_b[2]          ; 0.065             ;
; fpu_uart_cmd:u_cmd|b_buf[3]          ; fpu_uart_cmd:u_cmd|input_b[3]          ; 0.065             ;
; fpu_uart_cmd:u_cmd|b_buf[4]          ; fpu_uart_cmd:u_cmd|input_b[4]          ; 0.065             ;
; fpu_uart_cmd:u_cmd|b_buf[5]          ; fpu_uart_cmd:u_cmd|input_b[5]          ; 0.065             ;
; fpu_uart_cmd:u_cmd|b_buf[6]          ; fpu_uart_cmd:u_cmd|input_b[6]          ; 0.065             ;
; fpu_uart_cmd:u_cmd|b_buf[7]          ; fpu_uart_cmd:u_cmd|input_b[7]          ; 0.065             ;
; fpu_uart_cmd:u_cmd|a_buf[1]          ; fpu_uart_cmd:u_cmd|input_a[1]          ; 0.065             ;
; fpu_uart_cmd:u_cmd|a_buf[2]          ; fpu_uart_cmd:u_cmd|input_a[2]          ; 0.065             ;
; fpu_uart_cmd:u_cmd|a_buf[3]          ; fpu_uart_cmd:u_cmd|input_a[3]          ; 0.065             ;
; fpu_uart_cmd:u_cmd|a_buf[4]          ; fpu_uart_cmd:u_cmd|input_a[4]          ; 0.065             ;
; fpu_uart_cmd:u_cmd|a_buf[5]          ; fpu_uart_cmd:u_cmd|input_a[5]          ; 0.065             ;
; fpu_uart_cmd:u_cmd|a_buf[6]          ; fpu_uart_cmd:u_cmd|input_a[6]          ; 0.065             ;
; fpu_uart_cmd:u_cmd|a_buf[7]          ; fpu_uart_cmd:u_cmd|input_a[7]          ; 0.065             ;
; fpu_top:u_fpu|adder:u_add|b_m[1]     ; fpu_top:u_fpu|adder:u_add|b_m[0]       ; 0.045             ;
; fpu_uart_cmd:u_cmd|b_buf[18]         ; fpu_uart_cmd:u_cmd|input_b[18]         ; 0.018             ;
; fpu_uart_cmd:u_cmd|b_buf[19]         ; fpu_uart_cmd:u_cmd|input_b[19]         ; 0.018             ;
; fpu_uart_cmd:u_cmd|b_buf[20]         ; fpu_uart_cmd:u_cmd|input_b[20]         ; 0.018             ;
; fpu_uart_cmd:u_cmd|b_buf[22]         ; fpu_uart_cmd:u_cmd|input_b[22]         ; 0.018             ;
; fpu_top:u_fpu|multiplier:u_mul|z_s   ; fpu_top:u_fpu|multiplier:u_mul|z[31]   ; 0.017             ;
; fpu_uart_cmd:u_cmd|a_buf[16]         ; fpu_uart_cmd:u_cmd|input_a[16]         ; 0.017             ;
; fpu_uart_cmd:u_cmd|a_buf[17]         ; fpu_uart_cmd:u_cmd|input_a[17]         ; 0.017             ;
; fpu_uart_cmd:u_cmd|a_buf[18]         ; fpu_uart_cmd:u_cmd|input_a[18]         ; 0.017             ;
; fpu_uart_cmd:u_cmd|a_buf[19]         ; fpu_uart_cmd:u_cmd|input_a[19]         ; 0.017             ;
; fpu_uart_cmd:u_cmd|a_buf[20]         ; fpu_uart_cmd:u_cmd|input_a[20]         ; 0.017             ;
; fpu_uart_cmd:u_cmd|a_buf[21]         ; fpu_uart_cmd:u_cmd|input_a[21]         ; 0.017             ;
; fpu_uart_cmd:u_cmd|a_buf[22]         ; fpu_uart_cmd:u_cmd|input_a[22]         ; 0.017             ;
; fpu_top:u_fpu|multiplier:u_mul|b[9]  ; fpu_top:u_fpu|multiplier:u_mul|b_m[9]  ; 0.011             ;
; fpu_top:u_fpu|multiplier:u_mul|b[15] ; fpu_top:u_fpu|multiplier:u_mul|b_m[15] ; 0.011             ;
; fpu_top:u_fpu|multiplier:u_mul|b[20] ; fpu_top:u_fpu|multiplier:u_mul|b_m[20] ; 0.011             ;
; fpu_top:u_fpu|multiplier:u_mul|b[21] ; fpu_top:u_fpu|multiplier:u_mul|b_m[21] ; 0.011             ;
; fpu_top:u_fpu|multiplier:u_mul|a[3]  ; fpu_top:u_fpu|multiplier:u_mul|a_m[3]  ; 0.011             ;
; fpu_top:u_fpu|multiplier:u_mul|a[18] ; fpu_top:u_fpu|multiplier:u_mul|a_m[18] ; 0.011             ;
; fpu_top:u_fpu|multiplier:u_mul|a[19] ; fpu_top:u_fpu|multiplier:u_mul|a_m[19] ; 0.011             ;
; fpu_top:u_fpu|multiplier:u_mul|a[20] ; fpu_top:u_fpu|multiplier:u_mul|a_m[20] ; 0.011             ;
; fpu_top:u_fpu|multiplier:u_mul|a[22] ; fpu_top:u_fpu|multiplier:u_mul|a_m[22] ; 0.011             ;
+--------------------------------------+----------------------------------------+-------------------+
Note: This table only shows the top 36 path(s) that have the largest delay added for hold.


+-----------------+
; Fitter Messages ;
+-----------------+
Warning (18236): Number of processors has not been specified which may cause overloading on shared machines.  Set the global assignment NUM_PARALLEL_PROCESSORS in your QSF to an appropriate value for best performance.
Info (20030): Parallel compilation is enabled and will use 6 of the 6 processors detected
Info (119006): Selected device EP4CE22F17C8 for design "fpu_qp"
Info (21077): Low junction temperature is 0 degrees C
Info (21077): High junction temperature is 85 degrees C
Info (171003): Fitter is performing an Auto Fit compilation, which may decrease Fitter effort to reduce compilation time
Warning (292013): Feature LogicLock is only available with a valid subscription license. You can purchase a software subscription to gain full access to this feature.
Info (176444): Device migration not selected. If you intend to use device migration later, you may need to change the pin assignments as they may be incompatible with other devices
    Info (176445): Device EP4CE10F17C8 is compatible
    Info (176445): Device EP4CE6F17C8 is compatible
    Info (176445): Device EP4CE15F17C8 is compatible
Info (169124): Fitter converted 5 user pins into dedicated programming pins
    Info (169125): Pin ~ALTERA_ASDO_DATA1~ is reserved at location C1
    Info (169125): Pin ~ALTERA_FLASH_nCE_nCSO~ is reserved at location D2
    Info (169125): Pin ~ALTERA_DCLK~ is reserved at location H1
    Info (169125): Pin ~ALTERA_DATA0~ is reserved at location H2
    Info (169125): Pin ~ALTERA_nCEO~ is reserved at location F16
Warning (15714): Some pins have incomplete I/O assignments. Refer to the I/O Assignment Warnings report for details
Critical Warning (332012): Synopsys Design Constraints File file not found: 'fpu_qp.sdc'. A Synopsys Design Constraints File is required by the Timing Analyzer to get proper timing constraints. Without it, the Compiler will not properly optimize the design.
Info (332144): No user constrained base clocks found in the design
Info (332143): No user constrained clock uncertainty found in the design. Calling "derive_clock_uncertainty"
Info (332154): The derive_clock_uncertainty command did not apply clock uncertainty to any clock-to-clock transfers.
Info (332130): Timing requirements not specified -- quality metrics such as performance may be sacrificed to reduce compilation time.
Info (176353): Automatically promoted node CLOCK_50~input (placed in PIN R8 (CLK15, DIFFCLK_6p)) File: D:/IntelFPGA/sem_5/fpu/fpu_qp.v Line: 7
    Info (176355): Automatically promoted destinations to use location or clock signal Global Clock CLKCTRL_G18
Info (176233): Starting register packing
Info (176235): Finished register packing
    Extra Info (176219): No registers were packed into other blocks
Info (171121): Fitter preparation operations ending: elapsed time is 00:00:01
Info (14896): Fitter has disabled Advanced Physical Optimization because it is not supported for the current family.
Info (170189): Fitter placement preparation operations beginning
Info (170190): Fitter placement preparation operations ending: elapsed time is 00:00:00
Info (170191): Fitter placement operations beginning
Info (170137): Fitter placement was successful
Info (170192): Fitter placement operations ending: elapsed time is 00:00:04
Info (170193): Fitter routing operations beginning
Info (170195): Router estimated average interconnect usage is 2% of the available device resources
    Info (170196): Router estimated peak interconnect usage is 11% of the available device resources in the region that extends from location X21_Y11 to location X31_Y22
Info (170199): The Fitter performed an Auto Fit compilation.  Optimizations were skipped to reduce compilation time.
    Info (170201): Optimizations that may affect the design's routability were skipped
Info (170194): Fitter routing operations ending: elapsed time is 00:00:02
Info (11888): Total time spent on timing analysis during the Fitter is 1.14 seconds.
Info (334003): Started post-fitting delay annotation
Info (334004): Delay annotation completed successfully
Info (334003): Started post-fitting delay annotation
Info (334004): Delay annotation completed successfully
Info (11218): Fitter post-fit operations ending: elapsed time is 00:00:02
Info (144001): Generated suppressed messages file D:/IntelFPGA/sem_5/fpu/output_files/fpu_qp.fit.smsg
Info: Quartus Prime Fitter was successful. 0 errors, 4 warnings
    Info: Peak virtual memory: 5693 megabytes
    Info: Processing ended: Sun Dec 28 03:02:20 2025
    Info: Elapsed time: 00:00:11
    Info: Total CPU time (on all processors): 00:00:20


+----------------------------+
; Fitter Suppressed Messages ;
+----------------------------+
The suppressed messages can be found in D:/IntelFPGA/sem_5/fpu/output_files/fpu_qp.fit.smsg.


